0,0,0,0,0,0,0,0,0,0,0,0,0,0,0,0,0,0,0,0,0,0,0,0,0,0,0,0,0,0,0,0,0,0,0,0,0,0,0,0,0,0,0,0,0,0,0,0,0,0,0,0,0,0,0,0,0,0,0,0,0,0,0,0,0,0,0,0,0,0,0,0,0,0,0,0,0,0,0,0,0,0,0,0,0,0,0,0,0,0,0,0,0,0,0,0,0,0,0,0,0,0,0,0,0,0,0,0,0,0,0,0,0,0,0,0,0,0,0,0,0,0,0,0,0,0,0,0,0,0,0,0,0,0,0,0,0,0,0,0,0,0,0,0,0,0,0,0,0,0,0,0,0,0,0,0,0,0,0,0,0,0,0,0,0,0,0,0,0,0,0,0,0,0,0,0,0,0,0,0,0,0,0,0,0,0,0,0,0,0,0,0,0
0.011836,0.023539,0.035364,0.048608,0.062124,0.075351,0.088842,0.10197,0.11553,0.12981,0.14195,0.15369,0.16507,0.17682,0.18896,0.20068,0.21204,0.22353,0.23535,0.24849,0.26148,0.27474,0.28821,0.30121,0.3149,0.32888,0.34133,0.35309,0.36483,0.37658,0.38834,0.40008,0.41143,0.42292,0.43499,0.44823,0.46148,0.47434,0.4876,0.50059,0.51406,0.52856,0.54309,0.55482,0.56684,0.57882,0.59059,0.60334,0.61467,0.62615,0.63798,0.65137,0.6644,0.67771,0.69184,0.70519,0.71904,0.73434,0.74744,0.75958,0.77156,0.78358,0.79534,0.80769,0.81942,0.8309,0.84274,0.85561,0.86886,0.88222,0.89559,0.9087,0.92264,0.93699,0.95021,0.96194,0.9737,0.98544,0.9972,1.0198,1.0314,1.0435,1.057,1.0705,1.0838,1.0976,1.1109,1.1251,1.1398,1.1536,1.1657,1.178,1.1903,1.203,1.2147,1.2264,1.2379,1.25,1.2635,1.2767,1.2904,1.3036,1.3169,1.3309,1.3463,1.3583,1.3705,1.3827,1.3954,1.4077,1.4194,1.4309,1.4427,1.4547,1.468,1.4814,1.4952,1.5089,1.5225,1.5365,1.5507,1.5624,1.5752,1.5872,1.5992,1.6118,1.6236,1.6354,1.6472,1.6592,1.6725,1.6861,1.6999,1.7131,1.7267,1.7408,1.7555,1.7681,1.7808,1.7926,1.8048,1.8172,1.829,1.8407,1.8522,1.864,1.8775,1.8917,1.9055,1.9188,1.9324,1.9475,1.9621,1.9738,1.9856,1.9973,2.0091,2.0434,2.0549,2.067,2.0803,2.0942,2.1079,2.1212,2.1349,2.1498,2.1648,2.1766,2.1883,2.2001,2.2118,2.2236,2.2353,2.247,2.2588,2.2709,2.2842,2.2983,2.3117,2.3253,2.3393,2.3546,2.3701,2.3825,2.3946,2.4072,2.4196,2.4313,2.4431,2.4548,2.4669,2.4802,2.494
0,0,0,0,0,0,0,0,0,0,0,0,0,0,0,0,0,0,0,0,0,0,0,0,0,0,0,0,0,0,0,0,0,0,0,0,0,0,0,0,0,0,0,0,0,0,0,0,0,0,0,0,0,0,0,0,0,0,0,0,0,0,0,0,0,0,0,0,0,0,0,0,0,0,0,0,0,0,0,0,0,0,0,0,0,0,0,0,0,0,0,0,0,0,0,0,0,0,0,0,0,0,0,0,0,0,0,0,0,0,0,0,0,0,0,0,0,0,0,0,0,0,0,0,0,0,0,0,0,0,0,0,0,0,0,0,0,0,0,0,0,0,0,0,0,0,0,0,0,0,0,0,0,0,0,0,0,0,0,0,0,0,0,0,0,0,0,0,0,0,0,0,0,0,0,0,0,0,0,0,0,0,0,0,0,0,0,0,0,0,0,0,0
0.014272,0.028573,0.042454,0.055753,0.067752,0.079895,0.091645,0.10338,0.11474,0.12624,0.13762,0.14937,0.16138,0.17582,0.18944,0.20278,0.21694,0.23081,0.24481,0.25775,0.26951,0.28126,0.29302,0.30474,0.31649,0.328,0.33974,0.35124,0.36315,0.37695,0.39069,0.40406,0.41781,0.43193,0.4457,0.459,0.47076,0.48214,0.49428,0.506,0.51737,0.52889,0.54024,0.55199,0.56411,0.57805,0.59206,0.60533,0.61906,0.63345,0.64745,0.66121,0.67301,0.68477,0.69714,0.70888,0.72062,0.73237,0.74387,0.75538,0.76722,0.78106,0.79482,0.80831,0.82193,0.83607,0.85019,0.86354,0.87539,0.88714,0.89991,0.91163,0.92299,0.93475,0.9465,0.95824,0.97045,0.9843,0.99805,1.0225,1.0375,1.0518,1.0659,1.0786,1.0904,1.1022,1.1139,1.1256,1.1374,1.1491,1.1609,1.1733,1.1874,1.2012,1.2148,1.229,1.2428,1.2566,1.2702,1.2824,1.2941,1.3068,1.3186,1.3304,1.3421,1.3539,1.3656,1.3779,1.3922,1.4056,1.419,1.4337,1.4475,1.461,1.4742,1.4863,1.4984,1.5102,1.5219,1.5336,1.5454,1.5574,1.5694,1.5816,1.5957,1.6092,1.6228,1.6369,1.6509,1.6642,1.6781,1.6908,1.7032,1.7149,1.7266,1.7384,1.7501,1.7619,1.7736,1.7858,1.7998,1.8136,1.8269,1.8412,1.8552,1.8689,1.8825,1.8947,1.9064,1.9182,1.9299,1.9419,1.9539,1.9656,1.9774,1.9895,2.0033,2.0406,2.0554,2.0695,2.0838,2.0959,2.1077,2.1194,2.1311,2.1429,2.1546,2.1664,2.1781,2.1904,2.2043,2.2182,2.2317,2.2457,2.2599,2.2733,2.287,2.2988,2.3105,2.3227,2.3344,2.3461,2.3579,2.3696,2.3814,2.3936,2.4076,2.4211,2.4343,2.4481,2.4617,2.4754,2.4897
1,1,1,1,1,1,1,1,1,1,1,1,1,1,1,1,1,1,1,1,1,1,1,1,1,1,1,1,1,1,1,1,1,1,1,1,1,1,1,1,1,1,1,1,1,1,1,1,1,1,1,1,1,1,1,1,1,1,1,1,1,1,1,1,1,1,1,1,1,1,1,1,1,1,1,1,1,1,1,1,1,1,1,1,1,1,1,1,1,1,1,1,1,1,1,1,1,1,1,1,1,1,1,1,1,1,1,1,1,1,1,1,1,1,1,1,1,1,1,1,1,1,1,1,1,1,1,1,1,1,1,0,0,0,1,1,1,1,1,1,1,1,1,1,1,1,1,1,1,1,1,1,1,1,1,1,1,1,1,1,1,1,1,1,1,1,1,1,1,1,1,1,1,1,1,1,1,1,1,1,1,1,1,1,1,1,1,1,1,1
0.011691,0.023061,0.035266,0.04901,0.06231,0.076478,0.090054,0.1059,0.12158,0.13557,0.14746,0.1591,0.17058,0.18232,0.19407,0.20581,0.21731,0.22906,0.24096,0.25439,0.26769,0.28124,0.29543,0.3107,0.32628,0.3407,0.3521,0.36396,0.3757,0.38709,0.39882,0.41031,0.42169,0.43319,0.44511,0.45851,0.47182,0.48602,0.50032,0.5154,0.53103,0.54546,0.55684,0.56871,0.58007,0.59181,0.60363,0.61532,0.62682,0.6382,0.65,0.66327,0.67659,0.6902,0.70439,0.71983,0.73576,0.74983,0.76158,0.77332,0.78483,0.79657,0.80806,0.81944,0.83094,0.84269,0.85451,0.86801,0.88134,0.89535,0.9102,0.92585,0.9404,0.9537,0.96545,0.9772,0.98895,1.0007,1.0238,1.0371,1.049,1.063,1.0763,1.0904,1.105,1.1207,1.1365,1.1511,1.1628,1.1746,1.1867,1.1984,1.2102,1.2219,1.2337,1.2454,1.2577,1.271,1.2843,1.2986,1.3137,1.3294,1.3446,1.3591,1.371,1.3827,1.3945,1.4062,1.4179,1.4297,1.4417,1.4534,1.4664,1.4796,1.4936,1.5081,1.5232,1.5385,1.5537,1.5663,1.5796,1.5913,1.6031,1.6148,1.6266,1.6383,1.6501,1.6622,1.6756,1.6889,1.7031,1.7183,1.7331,1.7481,1.7628,1.7755,1.7872,1.799,1.8107,1.8224,1.8342,1.8457,1.8574,1.8695,1.8829,1.8967,1.9108,1.9264,1.9411,1.9558,1.97,1.9823,1.9941,2.0058,2.0415,2.0532,2.0651,2.0789,2.0925,2.1067,2.1225,2.1375,2.1532,2.1678,2.18,2.1917,2.2034,2.2152,2.227,2.2387,2.2504,2.2622,2.2743,2.2878,2.3014,2.3158,2.3314,2.3461,2.3618,2.3765,2.3886,2.4006,2.4123,2.4241,2.4358,2.4476,2.4593,2.4715,2.4853,2.4986
0,0,0,0,0,1,1,1,1,1,1,1,1,1,1,1,1,1,1,1,1,1,1,1,1,1,1,1,1,1,1,1,1,1,1,1,1,1,1,1,1,1,1,1,1,1,1,1,1,1,1,1,1,1,1,1,1,1,1,1,1,1,1,1,1,1,1,1,1,1,1,1,1,1,1,1,1,1,1,1,1,1,1,1,1,1,1,1,1,1,1,1,1,1,1,1,1,1,1,1,1,1,1,1,1,1,1,1,1,1,1,1,1,1,1,1,1,1,1,1,0,0,0,1,1,1,1,1,1,1,1,1,1,1,1,1,1,1,1,0,1,1,1,1,1,1,1,1,1,1,1,1,1,0,1,1,1,1
0.015712,0.031843,0.04802,0.063151,0.078331,0.089843,0.1012,0.11269,0.12419,0.13557,0.14708,0.15846,0.16996,0.18258,0.19792,0.21318,0.22914,0.24603,0.26051,0.27606,0.28783,0.29932,0.31082,0.32219,0.33396,0.34544,0.35683,0.36834,0.37987,0.3917,0.40692,0.4219,0.43848,0.45409,0.46922,0.48343,0.49495,0.50645,0.51799,0.52969,0.54145,0.55283,0.56434,0.57583,0.58809,0.6025,0.61709,0.63289,0.64914,0.66463,0.67973,0.69309,0.70482,0.71632,0.72806,0.73944,0.75096,0.76246,0.77384,0.7856,0.79785,0.81292,0.8291,0.84569,0.86152,0.87704,0.89084,0.90258,0.91407,0.92544,0.93695,0.94844,0.9602,0.97158,0.98337,0.9954,1.0216,1.0392,1.0559,1.0722,1.0872,1.1012,1.113,1.1247,1.1365,1.1482,1.16,1.1717,1.1837,1.1955,1.2101,1.225,1.2412,1.2578,1.2728,1.288,1.3016,1.3133,1.3248,1.3366,1.3483,1.3601,1.3718,1.3836,1.3954,1.4076,1.4222,1.438,1.4542,1.4698,1.4857,1.4995,1.5112,1.5232,1.535,1.5467,1.5585,1.5702,1.582,1.5937,1.606,1.6221,1.638,1.6552,1.6721,1.6871,1.7012,1.7131,1.7248,1.7366,1.7483,1.7598,1.7715,1.7834,1.7951,1.8074,1.8228,1.8394,1.8566,1.8725,1.8885,1.9036,1.916,1.9277,1.9395,1.9512,1.963,1.9747,1.9865,1.9982,2.0105,2.0523,2.0682,2.0838,2.0985,2.1236,2.1353,2.1468
0,0,0,0,0,1,1,1,1,1,1,1,1,1,1,1,1,1,1,1,1,1,1,1,1,1,1,1,1,1,1,1,1,1,1,1,1,1,1,1,1,1,1,1,1,1,1,1,1,1,1,1,1,1,1,1,1,1,1,1,1,1,1,1,1,1,1,1,1,1,1,1,1,1,1,1,1,1,1,1,1,1,1,1,1,1,1,1,1,1,1,1,1,1,1,1,1,1,1,1,1,1,1,1,1,1,1,1,1,1,1,1,1,1,1,1,1,1,1,1,0,0,0,1,1,1,1,1,1,1,1,1,1,1,1,1,1,1,1,0,1,1,1,1,1,1,1,1,1,1,1,1,1,0,1,1,1,1
0.015712,0.031843,0.04802,0.063151,0.078331,0.089843,0.1012,0.11269,0.12419,0.13557,0.14708,0.15846,0.16996,0.18258,0.19792,0.21318,0.22914,0.24603,0.26051,0.27606,0.28783,0.29932,0.31082,0.32219,0.33396,0.34544,0.35683,0.36834,0.37987,0.3917,0.40692,0.4219,0.43848,0.45409,0.46922,0.48343,0.49495,0.50645,0.51799,0.52969,0.54145,0.55283,0.56434,0.57583,0.58809,0.6025,0.61709,0.63289,0.64914,0.66463,0.67973,0.69309,0.70482,0.71632,0.72806,0.73944,0.75096,0.76246,0.77384,0.7856,0.79785,0.81292,0.8291,0.84569,0.86152,0.87704,0.89084,0.90258,0.91407,0.92544,0.93695,0.94844,0.9602,0.97158,0.98337,0.9954,1.0216,1.0392,1.0559,1.0722,1.0872,1.1012,1.113,1.1247,1.1365,1.1482,1.16,1.1717,1.1837,1.1955,1.2101,1.225,1.2412,1.2578,1.2728,1.288,1.3016,1.3133,1.3248,1.3366,1.3483,1.3601,1.3718,1.3836,1.3954,1.4076,1.4222,1.438,1.4542,1.4698,1.4857,1.4995,1.5112,1.5232,1.535,1.5467,1.5585,1.5702,1.582,1.5937,1.606,1.6221,1.638,1.6552,1.6721,1.6871,1.7012,1.7131,1.7248,1.7366,1.7483,1.7598,1.7715,1.7834,1.7951,1.8074,1.8228,1.8394,1.8566,1.8725,1.8885,1.9036,1.916,1.9277,1.9395,1.9512,1.963,1.9747,1.9865,1.9982,2.0105,2.0523,2.0682,2.0838,2.0985,2.1236,2.1353,2.1468
0,0,0,0,0,0,0,1,1,1,1,1,1,1,1,1,1,1,1,1,1,1,1,1,1,1,1,1,1,1,1,0,0,0,0,1,1,1,1,1,1,1,1,1,1,1,1,1,1,0,0,0,0,0,0,1,1,1,1,1,1,1,1,1,1,1,1,1,0,0,0,0,0,0,0,1,1,1,1,1,1,1,1,1,1,1,1,0,0,0,0,0,0,0,0,1,1,1,1,1,1,1,1,1,1,1,1,1,1,1,0,0,0,1,1,1,1,1,1,1,1,1,1,1,1,1,1,0,0,0,0,0,0,0,1,1,1,1
0.011601,0.023332,0.035088,0.046846,0.058598,0.070097,0.08267,0.098353,0.11341,0.12869,0.14356,0.15802,0.17213,0.18556,0.19733,0.2087,0.22016,0.23171,0.24347,0.25485,0.26659,0.27834,0.29178,0.30634,0.32053,0.33533,0.34982,0.36363,0.37814,0.39031,0.40207,0.41382,0.42521,0.43671,0.44846,0.46022,0.47197,0.48432,0.49924,0.5136,0.52816,0.54344,0.55752,0.57139,0.58507,0.59657,0.60832,0.6197,0.63145,0.64298,0.65497,0.66673,0.67848,0.69076,0.70652,0.72115,0.73689,0.75138,0.76564,0.77939,0.79283,0.80458,0.81633,0.82783,0.83921,0.85099,0.86274,0.87423,0.88598,0.89801,0.91255,0.92746,0.94244,0.95677,0.9709,0.98477,0.99819,1.0213,1.0342,1.046,1.0577,1.0695,1.0812,1.0934,1.1087,1.1232,1.1381,1.1527,1.1658,1.1795,1.1932,1.2049,1.2167,1.2285,1.2402,1.252,1.2649,1.277,1.2887,1.3015,1.3162,1.3306,1.3461,1.3607,1.3749,1.3893,1.4027,1.4145,1.4262,1.438,1.4497,1.4617,1.4735,1.4852,1.4976,1.5123,1.527,1.5415,1.5562,1.5703,1.5847,1.5985,1.6105,1.6222,1.634,1.646,1.6581,1.6698,1.6816,1.6934,1.7057,1.7203,1.7351,1.7506,1.7648,1.7907,1.8041,1.8156
0,0,0,0,0,0,0,1,1,1,1,1,1,1,1,1,1,1,1,1,1,1,1,1,1,1,1,1,1,1,1,0,0,0,0,1,1,1,1,1,1,1,1,1,1,1,1,1,1,0,0,0,0,0,0,1,1,1,1,1,1,1,1,1,1,1,1,1,0,0,0,0,0,0,0,1,1,1,1,1,1,1,1,1,1,1,1,0,0,0,0,0,0,0,0,1,1,1,1,1,1,1,1,1,1,1,1,1,1,1,0,0,0,1,1,1,1,1,1,1,1,1,1,1,1,1,1,0,0,0,0,0,0,0,1,1,1,1
0.011601,0.023332,0.035088,0.046846,0.058598,0.070097,0.08267,0.098353,0.11341,0.12869,0.14356,0.15802,0.17213,0.18556,0.19733,0.2087,0.22016,0.23171,0.24347,0.25485,0.26659,0.27834,0.29178,0.30634,0.32053,0.33533,0.34982,0.36363,0.37814,0.39031,0.40207,0.41382,0.42521,0.43671,0.44846,0.46022,0.47197,0.48432,0.49924,0.5136,0.52816,0.54344,0.55752,0.57139,0.58507,0.59657,0.60832,0.6197,0.63145,0.64298,0.65497,0.66673,0.67848,0.69076,0.70652,0.72115,0.73689,0.75138,0.76564,0.77939,0.79283,0.80458,0.81633,0.82783,0.83921,0.85099,0.86274,0.87423,0.88598,0.89801,0.91255,0.92746,0.94244,0.95677,0.9709,0.98477,0.99819,1.0213,1.0342,1.046,1.0577,1.0695,1.0812,1.0934,1.1087,1.1232,1.1381,1.1527,1.1658,1.1795,1.1932,1.2049,1.2167,1.2285,1.2402,1.252,1.2649,1.277,1.2887,1.3015,1.3162,1.3306,1.3461,1.3607,1.3749,1.3893,1.4027,1.4145,1.4262,1.438,1.4497,1.4617,1.4735,1.4852,1.4976,1.5123,1.527,1.5415,1.5562,1.5703,1.5847,1.5985,1.6105,1.6222,1.634,1.646,1.6581,1.6698,1.6816,1.6934,1.7057,1.7203,1.7351,1.7506,1.7648,1.7907,1.8041,1.8156
0,0,1,1,1,1,1,1,1,1,1,1,1,1,1,1,1,1,1,1,1,1,1,1,1,0,0,0,0,0,0,0,0,0,0,0,0,0,0,0,0,1,1,1,1,1,1,1,1,1,1,1,1,1,1,1,1,1,1,1,1,1,1,1,1,1,1,1,1,1,1,1,1,1,1,1,1,1,1,1,1,1,1,1,1,1,1,1,1,1,1,1,1,1,1,1,1,1,1,1,1,1,1,1,1,1,1,1,1,1,1,1,1,1,1,1,1,1,1,1,1,1,1,1,1,1,1,1,1,1,1,1,1,1,1,1,1,1,1,1,1,1,1,1,1,1,1,1,1,1,1,1,1,1,1,1,1,1,1,1,1,1,1,1,1,1,1,1,1,1,1,1,1,1,1,1,1,1,1,1,1,1,1,1,1,1,1,1,1,1,1
0.011689,0.023428,0.034959,0.046311,0.058068,0.0698,0.081301,0.09323,0.10767,0.12181,0.1358,0.14943,0.16309,0.17913,0.19357,0.20491,0.21643,0.22818,0.23969,0.25106,0.26282,0.27456,0.28605,0.29799,0.3122,0.32654,0.34057,0.35444,0.36811,0.38396,0.39857,0.41031,0.42206,0.43381,0.44531,0.45683,0.46857,0.48029,0.49168,0.50477,0.51956,0.53368,0.54772,0.56134,0.57695,0.59248,0.60418,0.61568,0.62743,0.63919,0.65069,0.66206,0.67381,0.68556,0.69749,0.71141,0.72615,0.74035,0.75455,0.76843,0.78407,0.7982,0.80994,0.82169,0.83343,0.84518,0.85658,0.86831,0.88005,0.89181,0.90375,0.91766,0.93232,0.94695,0.96081,0.97444,0.99024,1.0043,1.0274,1.0401,1.0518,1.0636,1.0753,1.0868,1.099,1.1132,1.128,1.1429,1.1567,1.1704,1.1862,1.2008,1.2126,1.2241,1.2358,1.2478,1.2602,1.2719,1.2837,1.2954,1.308,1.3222,1.3366,1.3506,1.3645,1.3787,1.3933,1.4075,1.4192,1.431,1.4427,1.4544,1.4662,1.4779,1.4897,1.5019,1.5162,1.5308,1.5452,1.5589,1.573,1.5878,1.6018,1.6133,1.6251,1.6368,1.6486,1.6603,1.6721,1.6838,1.6956,1.7078,1.7219,1.7358,1.7499,1.7637,1.7777,1.7931,1.8072,1.8189,1.8307,1.8424,1.8542,1.8659,1.8777,1.8895,1.9012,1.9155,1.9296,1.9444,1.9588,1.9728,1.9875,2.0021,2.0379,2.0497,2.0614,2.0732,2.0849,2.0967,2.1089,2.1227,2.1367,2.1511,2.1649,2.1788,2.1936,2.2083,2.2201,2.2318,2.2436,2.2553,2.2671,2.2786,2.2903,2.302,2.3149,2.3292,2.3435,2.3575,2.3717,2.3865,2.4023,2.4149,2.4276,2.4396,2.4513,2.4631,2.4748,2.4866,2.4983
0,0,1,1,1,1,1,1,1,1,1,1,1,1,1,1,1,1,1,1,1,1,1,1,1,1,1,1,1,1,1,1,1,0,0,0,0,0,0,0,0,1,1,1,1,1,1,1,1,1,1,1,1,1,1,1,0,0,0,0,0,0,0,0,0,1,1,1,1,1,1,1,1,1,1,1,1,1,1,1,0,0,0,0,0,0,0,1,1,1,1,1,1,1,1,1,1,1,1,1,1,1,1,1,1,0,0,0,0,0,0,0,0,0,1,1,1,1,1,1,1,1,1,1,1,1,1,1,1,0,0,0,0,0,0,1,1,1,1,1,1,1,1,1,1,1,1,1,0,0,0,0,1,1,1,1,1,1,1,1,1,1,1,0,0,0,0,0,0,0,0,0,0,0,0,0,0,0,0,0,0,0,0,0,0,0,0,0
0.011568,0.023312,0.035056,0.046445,0.058479,0.072842,0.087979,0.10271,0.11798,0.13302,0.14774,0.16233,0.17368,0.18519,0.19693,0.20844,0.21982,0.23131,0.24332,0.25484,0.26674,0.28246,0.29812,0.31286,0.32813,0.34283,0.35731,0.36969,0.38144,0.39318,0.40493,0.41668,0.42818,0.43959,0.45132,0.46324,0.47784,0.4926,0.50822,0.52294,0.53861,0.5531,0.56695,0.5783,0.58981,0.60119,0.61268,0.62443,0.63594,0.64732,0.65907,0.67134,0.68609,0.70122,0.71647,0.7317,0.74622,0.76046,0.77431,0.78581,0.79718,0.80893,0.82044,0.83193,0.84331,0.85508,0.86682,0.88097,0.89561,0.90986,0.92467,0.94026,0.95473,0.96865,0.9803,0.99168,1.0146,1.0268,1.0386,1.0503,1.0621,1.0743,1.0886,1.1033,1.1186,1.1337,1.1494,1.1633,1.1777,1.1897,1.2014,1.2132,1.2247,1.2364,1.2482,1.26,1.2724,1.287,1.3016,1.3173,1.333,1.3478,1.3621,1.3757,1.3874,1.3992,1.4109,1.4227,1.4344,1.4462,1.458,1.4697,1.4824,1.4971,1.5117,1.5276,1.5432,1.5578,1.5722,1.5862,1.5984,1.6102,1.6217,1.6332,1.6449,1.6567,1.6685,1.6802,1.694,1.7092,1.7244,1.74,1.7548,1.7688,1.7827,1.7944,1.8071,1.8188,1.8306,1.8423,1.8541,1.8658,1.8776,1.8899,1.9056,1.9203,1.936,1.9517,1.9659,1.9805,1.9941,2.0061,2.0417,2.0542,2.0661,2.0778,2.0898,2.1044,2.119,2.1348,2.1504,2.165,2.1789,2.1931,2.2048,2.2166,2.2283,2.2401,2.2518,2.2636,2.2753,2.2871,2.2998,2.3141,2.3289,2.3449,2.3595,2.3736,2.3883,2.4011,2.4128,2.4243,2.4357,2.4472,2.4587,2.4705,2.4822,2.4943
0,0,0,0,0,0,0,0,0,0,0,0,1,1,1,1,1,1,1,1,1,1,1,1,1,1,1,1,1,1,1,1,1,1,1,1,1,1,1,1,1,1,0,0,1,1,1,1,1,1,1,1,1,1,1,1,1,1,1,1,1,1,1,1,1,1,1,1,1,1,1,0,1,1,1,1,1,1,1,1,1,1,1,1,1,1,0,0,0,0,0,1,1,1,1,1,1,1,1,1,1,1,1,1,1,1,1,0,0,1,1,1,1,1,1,1,1,1,1,1,1,1,1,1,1,1,1,1,0,0,1,1,1,1,1,1,1,1,1,1,1,1,1,1,1,1,1,1,1,1,1,1,1,1,1,0,1,1,1,1,1,1,1,1,1,1,1,1,1,1,1,1,1,1,1,1,1,1,0,0,0,0,1,1,1,1,1,1,1,1,1,0
0.011683,0.023426,0.035211,0.046952,0.059292,0.073986,0.088585,0.10268,0.11653,0.13064,0.14438,0.15755,0.16905,0.18056,0.19256,0.20406,0.21544,0.22692,0.2387,0.25021,0.26207,0.27472,0.29003,0.30401,0.3178,0.33236,0.34586,0.35948,0.37117,0.38255,0.39431,0.40606,0.41781,0.42956,0.44171,0.45345,0.46598,0.48053,0.49482,0.50861,0.52215,0.53675,0.55,0.56325,0.57467,0.58617,0.59794,0.60931,0.62105,0.63281,0.6452,0.65733,0.66969,0.68483,0.69889,0.71267,0.72631,0.74,0.75325,0.76642,0.77792,0.78969,0.80144,0.81318,0.82493,0.83644,0.84884,0.86058,0.87288,0.88741,0.9016,0.91568,0.92931,0.94325,0.9565,0.96964,0.98117,0.99268,1.0158,1.0285,1.0405,1.0526,1.0648,1.0781,1.0933,1.108,1.1221,1.1363,1.15,1.1633,1.1764,1.1882,1.2006,1.2123,1.2241,1.2358,1.2476,1.2597,1.2715,1.2838,1.2981,1.3124,1.3269,1.3414,1.3554,1.3693,1.3827,1.3944,1.4062,1.4179,1.4301,1.4418,1.4542,1.4665,1.4789,1.494,1.5081,1.5222,1.5364,1.5501,1.5634,1.577,1.5896,1.6013,1.6131,1.6251,1.6368,1.6486,1.6603,1.6725,1.6854,1.7012,1.7156,1.7301,1.7445,1.7581,1.7714,1.7843,1.7961,1.8078,1.8196,1.8313,1.8431,1.8548,1.8672,1.8793,1.8915,1.9062,1.9199,1.9339,1.9481,1.9614,1.975,1.9882,1.9999,2.0117,2.0473,2.06,2.0717,2.0841,2.0963,2.1109,2.1251,2.1392,2.1534,2.1671,2.1804,2.1942,2.2059,2.2177,2.2295,2.2412,2.2529,2.2647,2.2775,2.2892,2.3019,2.3161,2.3298,2.3444,2.3578,2.371,2.3849,2.3993,2.4113,2.4234,2.4352,2.4469,2.4587,2.4705,2.4822,2.4939
0,0,0,0,0,1,1,1,1,1,1,1,1,1,1,1,1,1,1,1,1,1,1,1,1,1,1,1,0,0,0,0,0,0,0,0,0,1,1,1,1,1,1,1,1,1,1,1,1,1,1,1,0,0,0,0,0,0,0,0,0,0,1,1,1,1,1,1,1,1,1,1,1,1,1,1,1,0,0,0,0,0,0,0,1,1,1,1,1,1,1,1,1,1,1,1,1,1,1,0,0,0,0,0,0,0,0,1,1,1,1,1,1,1,1,1,1,1,1,1,1,1,0,0,0,0,0,0,1,1,1,1,1,1,1,1,1,1,1,1,1,1,0,0,0,0,0,0,0,0,1,1,1,1
0.013504,0.026988,0.041289,0.056043,0.069618,0.081376,0.093121,0.10487,0.11638,0.12788,0.13962,0.15101,0.16274,0.17456,0.18794,0.20179,0.21551,0.22937,0.24307,0.25788,0.27201,0.28377,0.29587,0.30726,0.31902,0.33076,0.34249,0.354,0.36549,0.37783,0.39119,0.40495,0.41877,0.43241,0.44626,0.46103,0.47563,0.487,0.49849,0.51,0.52175,0.53313,0.54487,0.55662,0.568,0.58131,0.59531,0.60912,0.62262,0.63638,0.65112,0.66563,0.6785,0.69025,0.70176,0.71324,0.725,0.73638,0.74787,0.75925,0.77107,0.78431,0.79856,0.81265,0.82625,0.83995,0.85498,0.86962,0.88125,0.89263,0.90437,0.91587,0.92788,0.93962,0.95137,0.96287,0.97494,0.9882,1.0018,1.0273,1.0416,1.0563,1.071,1.0831,1.0949,1.1075,1.1192,1.1314,1.1434,1.1551,1.1669,1.1793,1.1928,1.2071,1.2215,1.236,1.2502,1.265,1.2795,1.2913,1.303,1.3147,1.3265,1.3383,1.35,1.362,1.3742,1.3876,1.4018,1.4158,1.4304,1.4445,1.4594,1.4739,1.4856,1.4974,1.5091,1.5209,1.5326,1.5445,1.5563,1.568,1.5801,1.5936,1.6072,1.622,1.6361,1.6504,1.6655,1.6805,1.6923,1.7043,1.716,1.7278,1.7395,1.7513,1.763,1.7748,1.7883,1.8021,1.8163,1.8305,1.8447,1.8599,1.8746,1.8868,1.8985,1.9103,1.922,1.9338,1.9457,1.9673,1.9794,1.9933
0,0,0,0,0,1,1,1,1,1,1,1,1,1,1,1,1,1,1,1,1,1,1,1,1,1,1,1,0,0,0,0,0,0,0,0,0,1,1,1,1,1,1,1,1,1,1,1,1,1,1,1,0,0,0,0,0,0,0,0,0,0,1,1,1,1,1,1,1,1,1,1,1,1,1,1,1,0,0,0,0,0,0,0,1,1,1,1,1,1,1,1,1,1,1,1,1,1,1,0,0,0,0,0,0,0,0,1,1,1,1,1,1,1,1,1,1,1,1,1,1,1,0,0,0,0,0,0,1,1,1,1,1,1,1,1,1,1,1,1,1,1,0,0,0,0,0,0,0,0,1,1,1,1
0.013504,0.026988,0.041289,0.056043,0.069618,0.081376,0.093121,0.10487,0.11638,0.12788,0.13962,0.15101,0.16274,0.17456,0.18794,0.20179,0.21551,0.22937,0.24307,0.25788,0.27201,0.28377,0.29587,0.30726,0.31902,0.33076,0.34249,0.354,0.36549,0.37783,0.39119,0.40495,0.41877,0.43241,0.44626,0.46103,0.47563,0.487,0.49849,0.51,0.52175,0.53313,0.54487,0.55662,0.568,0.58131,0.59531,0.60912,0.62262,0.63638,0.65112,0.66563,0.6785,0.69025,0.70176,0.71324,0.725,0.73638,0.74787,0.75925,0.77107,0.78431,0.79856,0.81265,0.82625,0.83995,0.85498,0.86962,0.88125,0.89263,0.90437,0.91587,0.92788,0.93962,0.95137,0.96287,0.97494,0.9882,1.0018,1.0273,1.0416,1.0563,1.071,1.0831,1.0949,1.1075,1.1192,1.1314,1.1434,1.1551,1.1669,1.1793,1.1928,1.2071,1.2215,1.236,1.2502,1.265,1.2795,1.2913,1.303,1.3147,1.3265,1.3383,1.35,1.362,1.3742,1.3876,1.4018,1.4158,1.4304,1.4445,1.4594,1.4739,1.4856,1.4974,1.5091,1.5209,1.5326,1.5445,1.5563,1.568,1.5801,1.5936,1.6072,1.622,1.6361,1.6504,1.6655,1.6805,1.6923,1.7043,1.716,1.7278,1.7395,1.7513,1.763,1.7748,1.7883,1.8021,1.8163,1.8305,1.8447,1.8599,1.8746,1.8868,1.8985,1.9103,1.922,1.9338,1.9457,1.9673,1.9794,1.9933
0,0,0,0,0,0,1,1,1,1,1,1,1,1,1,1,1,1,1,1,1,1,1,0,0,0,0,0,0,0,0,0,0,0,1,1,1,1,1,1,1,1,1,1,1,1,1,1,1,1,1,1,1,1,1,1,1,0,0,0,0,0,0,0,0,0,0,0,0,1,1,1,1,1,1,1,1,1,1,1,1,1,1,0,0,0,0,0,0,0,0,0,0,1,1,1,1,1,1,1,1,1,1,1,1,1,1,1,0,0,0,0,0,0,0,0,0,0,1,1,1,1,1,1,1,1,1,1,1,1,1,1,1,1,1,0,0,0,0,0,0,0,1,1,1,1
0.011701,0.023061,0.034818,0.046578,0.058332,0.072648,0.088708,0.10267,0.11625,0.13002,0.14327,0.156,0.16818,0.17969,0.19106,0.20257,0.21432,0.2258,0.2372,0.24933,0.26108,0.27507,0.29003,0.30414,0.31769,0.33112,0.34463,0.35751,0.36995,0.38144,0.39281,0.40431,0.41582,0.42719,0.43934,0.45107,0.4638,0.47973,0.49485,0.50882,0.5225,0.53613,0.54943,0.56226,0.57381,0.58531,0.59705,0.60843,0.62019,0.63169,0.64308,0.65482,0.66669,0.68007,0.69504,0.70886,0.72292,0.73614,0.74939,0.76252,0.77492,0.78643,0.79794,0.80931,0.82107,0.83282,0.84457,0.85633,0.86808,0.88088,0.89593,0.91002,0.92382,0.93727,0.95053,0.96339,0.97617,0.98756,0.99907,1.0222,1.0345,1.0462,1.058,1.0707,1.0836,1.0991,1.1132,1.127,1.1408,1.1543,1.1674,1.1802,1.1919,1.2037,1.2163,1.2281,1.2398,1.2516,1.2633,1.2755,1.2893,1.3045,1.3191,1.3328,1.3464,1.3597,1.3728,1.3856,1.3973,1.4091,1.4208,1.4328,1.445,1.4567,1.4693,1.4818,1.4968,1.511,1.5253,1.5394,1.553,1.5667,1.5797,1.5918,1.6036,1.6153,1.6273,1.6391,1.6508,1.6626,1.6747,1.6879,1.7022,1.7167,1.7307,1.7441,1.7578,1.7711,1.7838,1.7953,1.8071,1.8188,1.8306,1.853,1.8647,1.8765
0,0,0,0,0,0,1,1,1,1,1,1,1,1,1,1,1,1,1,1,1,1,1,0,0,0,0,0,0,0,0,0,0,0,1,1,1,1,1,1,1,1,1,1,1,1,1,1,1,1,1,1,1,1,1,1,1,0,0,0,0,0,0,0,0,0,0,0,0,1,1,1,1,1,1,1,1,1,1,1,1,1,1,0,0,0,0,0,0,0,0,0,0,1,1,1,1,1,1,1,1,1,1,1,1,1,1,1,0,0,0,0,0,0,0,0,0,0,1,1,1,1,1,1,1,1,1,1,1,1,1,1,1,1,1,0,0,0,0,0,0,0,1,1,1,1
0.011701,0.023061,0.034818,0.046578,0.058332,0.072648,0.088708,0.10267,0.11625,0.13002,0.14327,0.156,0.16818,0.17969,0.19106,0.20257,0.21432,0.2258,0.2372,0.24933,0.26108,0.27507,0.29003,0.30414,0.31769,0.33112,0.34463,0.35751,0.36995,0.38144,0.39281,0.40431,0.41582,0.42719,0.43934,0.45107,0.4638,0.47973,0.49485,0.50882,0.5225,0.53613,0.54943,0.56226,0.57381,0.58531,0.59705,0.60843,0.62019,0.63169,0.64308,0.65482,0.66669,0.68007,0.69504,0.70886,0.72292,0.73614,0.74939,0.76252,0.77492,0.78643,0.79794,0.80931,0.82107,0.83282,0.84457,0.85633,0.86808,0.88088,0.89593,0.91002,0.92382,0.93727,0.95053,0.96339,0.97617,0.98756,0.99907,1.0222,1.0345,1.0462,1.058,1.0707,1.0836,1.0991,1.1132,1.127,1.1408,1.1543,1.1674,1.1802,1.1919,1.2037,1.2163,1.2281,1.2398,1.2516,1.2633,1.2755,1.2893,1.3045,1.3191,1.3328,1.3464,1.3597,1.3728,1.3856,1.3973,1.4091,1.4208,1.4328,1.445,1.4567,1.4693,1.4818,1.4968,1.511,1.5253,1.5394,1.553,1.5667,1.5797,1.5918,1.6036,1.6153,1.6273,1.6391,1.6508,1.6626,1.6747,1.6879,1.7022,1.7167,1.7307,1.7441,1.7578,1.7711,1.7838,1.7953,1.8071,1.8188,1.8306,1.853,1.8647,1.8765
