1,10,0,1,0,0
2,9,0,0,0,1
3,10,1,0,0,0
4,9,0,0,0,1
5,10,1,0,0,0
6,9,0,0,1,0
7,10,1,0,0,0
8,10,1,0,0,0
9,10,1,0,0,0
10,9,0,0,1,0
11,10,1,0,0,0
12,9,0,0,1,0
13,9,0,0,0,1
14,10,1,0,0,0
15,10,1,0,0,0
16,9,0,0,0,1
17,9,0,0,1,0
18,10,1,0,0,0
19,10,1,0,0,0
20,9,0,0,0,1
21,9,0,0,0,1
22,9,0,0,0,1
23,10,1,0,0,0
24,9,0,0,1,0
25,10,1,0,0,0
26,10,1,0,0,0
27,9,0,0,1,0
28,10,1,0,0,0
29,9,0,0,0,1
30,9,0,0,0,1
31,10,1,0,0,0
32,10,1,0,0,0
33,9,0,0,0,1
34,9,0,0,0,1
35,9,0,0,0,1
36,10,1,0,0,0
37,9,0,0,0,1
38,10,1,0,0,0
39,10,1,0,0,0
40,9,0,0,0,1
41,9,0,0,0,1
42,10,1,0,0,0
43,9,0,0,0,1
44,10,1,0,0,0
45,10,1,0,0,0
46,9,0,0,0,1
47,9,0,0,1,0
48,9,0,0,0,1
49,10,1,0,0,0
50,10,1,0,0,0
51,9,0,0,0,1
52,9,0,0,0,1
53,9,0,0,0,1
54,10,1,0,0,0
55,9,0,0,0,1
56,10,1,0,0,0
57,9,0,0,0,1
58,10,1,0,0,0
59,9,0,0,0,1
60,9,0,0,0,1
61,10,1,0,0,0
62,10,1,0,0,0
63,10,1,0,0,0
64,9,0,0,0,1
65,10,1,0,0,0
66,10,1,0,0,0
67,9,0,0,0,1
68,10,1,0,0,0
69,9,0,0,0,1
70,9,0,0,0,1
71,9,0,0,0,1
72,10,1,0,0,0
73,9,0,0,0,1
74,9,0,0,0,1
75,10,1,0,0,0
76,10,1,0,0,0
77,10,1,0,0,0
78,10,1,0,0,0
79,9,0,0,0,1
80,9,0,0,0,1
81,10,1,0,0,0
82,9,0,0,0,1
83,10,1,0,0,0
84,9,0,0,0,1
85,9,0,0,1,0
86,10,1,0,0,0
87,9,0,0,0,1
88,10,1,0,0,0
89,10,1,0,0,0
90,9,0,0,0,1
91,10,1,0,0,0
92,9,0,0,0,1
93,10,1,0,0,0
94,10,1,0,0,0
95,10,1,0,0,0
96,9,0,0,0,1
97,10,1,0,0,0
98,9,0,0,0,1
99,9,0,0,1,0
100,10,1,0,0,0
101,9,0,0,0,1
102,9,0,0,0,1
103,10,1,0,0,0
104,10,1,0,0,0
105,9,0,0,0,1
106,9,0,0,0,1
107,10,1,0,0,0
108,10,1,0,0,0
109,9,0,0,1,0
110,9,0,0,0,1
111,10,1,0,0,0
112,9,0,0,0,1
113,10,1,0,0,0
114,10,1,0,0,0
115,10,1,0,0,0
116,9,0,0,0,1
117,10,1,0,0,0
118,9,0,0,0,1
119,9,0,0,0,1
120,9,0,0,0,1
121,10,1,0,0,0
122,9,0,0,0,1
123,10,1,0,0,0
124,9,0,0,0,1
125,10,1,0,0,0
126,10,1,0,0,0
127,9,0,0,1,0
128,9,0,0,0,1
129,9,0,0,0,1
130,9,0,0,0,1
131,10,1,0,0,0
132,10,1,0,0,0
133,9,0,0,0,1
134,10,1,0,0,0
135,9,0,0,0,1
136,9,0,0,0,1
137,10,1,0,0,0
138,9,0,0,0,1
139,10,1,0,0,0
140,10,1,0,0,0
141,9,0,0,0,1
142,9,0,0,0,1
143,10,1,0,0,0
144,9,0,0,0,1
145,9,0,0,0,1
146,10,1,0,0,0
147,10,1,0,0,0
148,10,1,0,0,0
149,9,0,0,0,1
150,9,0,0,1,0
151,10,1,0,0,0
152,10,1,0,0,0
153,9,0,0,0,1
154,10,1,0,0,0
155,10,1,0,0,0
156,9,0,0,0,1
157,9,0,0,0,1
158,9,0,0,0,1
159,9,0,0,0,1
160,10,1,0,0,0
161,10,1,0,0,0
162,10,1,0,0,0
163,9,0,0,0,1
164,9,0,0,0,1
165,10,1,0,0,0
166,10,1,0,0,0
167,9,0,0,0,1
168,10,1,0,0,0
169,9,0,0,0,1
170,9,0,0,0,1
171,9,0,0,0,1
172,10,1,0,0,0
173,10,1,0,0,0
174,9,0,0,0,1
175,10,1,0,0,0
176,10,1,0,0,0
177,9,0,0,0,1
178,10,1,0,0,0
179,9,0,0,0,1
180,9,0,0,0,1
181,9,0,0,0,1
182,10,1,0,0,0
183,9,0,0,0,1
184,10,1,0,0,0
185,9,0,0,0,1
186,9,0,0,0,1
187,9,0,0,0,1
188,10,1,0,0,0
189,9,0,0,0,1
190,10,1,0,0,0
191,10,1,0,0,0
192,10,1,0,0,0
193,9,0,0,0,1
194,9,0,0,0,1
195,9,0,0,0,1
196,10,1,0,0,0
197,10,1,0,0,0
198,10,1,0,0,0
199,9,0,0,0,1
200,9,0,0,0,1
201,10,1,0,0,0
202,10,1,0,0,0
203,10,1,0,0,0
204,9,0,0,0,1
205,9,0,0,0,1
206,10,1,0,0,0
207,9,0,0,0,1
208,9,0,0,0,1
209,10,1,0,0,0
210,9,0,0,0,1
211,9,0,0,0,1
212,10,1,0,0,0
213,9,0,0,0,1
214,9,0,0,0,1
215,9,0,0,0,1
216,10,1,0,0,0
217,9,0,0,0,1
218,9,0,0,0,1
219,10,1,0,0,0
220,9,0,0,0,1
221,10,1,0,0,0
222,10,1,0,0,0
223,10,1,0,0,0
224,9,0,0,0,1
225,9,0,0,0,1
226,10,1,0,0,0
227,10,1,0,0,0
228,9,0,0,0,1
229,9,0,0,0,1
230,10,1,0,0,0
231,10,1,0,0,0
232,10,1,0,0,0
233,9,0,0,0,1
234,9,0,0,0,1
235,10,1,0,0,0
236,9,0,0,0,1
237,10,1,0,0,0
238,9,0,0,0,1
239,10,1,0,0,0
240,9,0,0,0,1
241,10,1,0,0,0
242,10,1,0,0,0
243,9,0,0,0,1
244,9,0,0,0,1
245,10,1,0,0,0
246,10,1,0,0,0
247,9,0,0,0,1
248,9,0,0,0,1
249,10,1,0,0,0
250,10,1,0,0,0
251,10,1,0,0,0
252,10,1,0,0,0
253,9,0,0,0,1
254,9,0,0,0,1
255,9,0,0,0,1
256,9,0,0,0,1
257,10,1,0,0,0
258,10,1,0,0,0
259,9,0,0,0,1
260,10,1,0,0,0
261,9,0,0,0,1
262,10,1,0,0,0
263,10,1,0,0,0
264,9,0,0,0,1
265,9,0,0,0,1
266,10,1,0,0,0
267,10,1,0,0,0
268,9,0,0,0,1
269,10,1,0,0,0
270,10,1,0,0,0
271,9,0,0,0,1
272,9,0,0,0,1
273,10,1,0,0,0
274,9,0,0,0,1
275,10,1,0,0,0
276,9,0,0,0,1
277,9,0,0,0,1
278,10,1,0,0,0
279,10,1,0,0,0
280,10,1,0,0,0
281,9,0,0,0,1
282,9,0,0,0,1
283,10,1,0,0,0
284,9,0,0,0,1
285,10,1,0,0,0
286,9,0,0,0,1
287,9,0,0,0,1
288,10,1,0,0,0
289,9,0,0,0,1
290,9,0,0,0,1
291,9,0,0,0,1
292,10,1,0,0,0
293,10,1,0,0,0
294,10,1,0,0,0
295,9,0,0,0,1
296,10,1,0,0,0
297,10,1,0,0,0
298,9,0,0,0,1
299,9,0,0,1,0
300,9,0,0,0,1
301,10,1,0,0,0
302,10,1,0,0,0
303,10,1,0,0,0
304,9,0,0,0,1
305,10,1,0,0,0
306,9,0,0,0,1
307,9,0,0,0,1
308,10,1,0,0,0
309,10,1,0,0,0
310,9,0,0,0,1
311,9,0,0,0,1
312,10,1,0,0,0
313,9,0,0,0,1
314,9,0,0,0,1
315,9,0,0,0,1
316,10,1,0,0,0
317,10,1,0,0,0
318,10,1,0,0,0
319,9,0,0,0,1
320,10,1,0,0,0
321,9,0,0,0,1
322,10,1,0,0,0
323,10,1,0,0,0
324,9,0,0,0,1
325,9,0,0,0,1
326,10,1,0,0,0
327,9,0,0,0,1
328,10,1,0,0,0
329,9,0,0,0,1
330,10,1,0,0,0
331,9,0,0,0,1
332,9,0,0,0,1
333,9,0,0,0,1
334,10,1,0,0,0
335,9,0,0,0,1
336,10,1,0,0,0
337,9,0,0,0,1
338,10,1,0,0,0
339,9,0,0,0,1
340,9,0,0,0,1
341,10,1,0,0,0
342,10,1,0,0,0
343,10,1,0,0,0
344,9,0,0,0,1
345,9,0,0,0,1
346,10,1,0,0,0
347,9,0,0,0,1
348,9,0,0,0,1
349,10,1,0,0,0
350,10,1,0,0,0
351,9,0,0,0,1
352,10,1,0,0,0
353,10,1,0,0,0
354,9,0,0,0,1
355,10,1,0,0,0
356,10,1,0,0,0
357,9,0,0,1,0
358,9,0,0,1,0
359,10,1,0,0,0
360,10,1,0,0,0
361,10,1,0,0,0
362,9,0,0,0,1
363,10,1,0,0,0
364,10,1,0,0,0
365,9,0,0,0,1
366,9,0,0,0,1
367,10,1,0,0,0
368,10,1,0,0,0
369,9,0,0,0,1
370,9,0,0,0,1
371,10,1,0,0,0
372,10,1,0,0,0
373,9,0,0,0,1
374,9,0,0,1,0
375,10,1,0,0,0
376,9,0,0,0,1
377,9,0,0,0,1
378,10,1,0,0,0
379,10,1,0,0,0
380,9,0,0,0,1
381,10,1,0,0,0
382,9,0,0,0,1
383,10,1,0,0,0
384,9,0,0,0,1
385,10,1,0,0,0
386,10,1,0,0,0
387,9,0,0,0,1
388,10,1,0,0,0
389,9,0,0,0,1
390,9,0,0,0,1
391,9,0,0,0,1
392,10,1,0,0,0
393,10,1,0,0,0
394,10,1,0,0,0
395,10,1,0,0,0
396,9,0,0,0,1
397,10,1,0,0,0
398,10,1,0,0,0
399,9,0,0,0,1
400,9,0,0,0,1
401,9,0,0,0,1
402,10,1,0,0,0
403,10,1,0,0,0
404,10,1,0,0,0
405,10,1,0,0,0
406,9,0,0,0,1
407,9,0,0,0,1
408,10,1,0,0,0
409,10,1,0,0,0
410,9,0,0,0,1
411,10,1,0,0,0
412,9,0,0,0,1
413,9,0,0,0,1
414,10,1,0,0,0
415,10,1,0,0,0
416,9,0,0,0,1
417,10,1,0,0,0
418,10,1,0,0,0
419,9,0,0,0,1
420,9,0,0,0,1
421,10,1,0,0,0
422,10,1,0,0,0
423,9,0,0,0,1
424,9,0,0,1,0
425,10,1,0,0,0
426,10,1,0,0,0
427,10,1,0,0,0
428,9,0,0,1,0
429,9,0,0,0,1
430,9,0,0,0,1
431,9,0,0,0,1
432,10,1,0,0,0
433,10,1,0,0,0
434,9,0,0,0,1
435,10,1,0,0,0
436,10,1,0,0,0
437,9,0,0,0,1
438,9,0,0,0,1
439,9,0,0,0,1
440,10,1,0,0,0
441,10,1,0,0,0
442,9,0,0,0,1
443,10,1,0,0,0
444,9,0,0,0,1
445,10,1,0,0,0
446,10,1,0,0,0
447,9,0,0,0,1
448,10,1,0,0,0
449,9,0,0,0,1
450,9,0,0,0,1
451,10,1,0,0,0
452,9,0,0,0,1
453,9,0,0,0,1
454,10,1,0,0,0
455,10,1,0,0,0
456,10,1,0,0,0
457,9,0,0,0,1
458,10,1,0,0,0
459,9,0,0,0,1
460,10,1,0,0,0
461,10,1,0,0,0
462,9,0,0,0,1
463,10,1,0,0,0
464,9,0,0,0,1
465,9,0,0,0,1
466,10,1,0,0,0
467,10,1,0,0,0
468,9,0,0,0,1
469,9,0,0,0,1
470,9,0,0,0,1
471,10,1,0,0,0
472,10,1,0,0,0
473,9,0,0,0,1
474,10,1,0,0,0
475,9,0,0,0,1
476,10,1,0,0,0
477,10,1,0,0,0
478,10,1,0,0,0
479,9,0,0,1,0
480,9,0,0,0,1
481,9,0,0,0,1
482,9,0,0,0,1
483,10,1,0,0,0
484,10,1,0,0,0
485,9,0,0,1,0
486,10,1,0,0,0
487,10,1,0,0,0
488,9,0,0,1,0
489,9,0,0,1,0
490,10,1,0,0,0
491,10,1,0,0,0
492,9,0,0,0,1
493,9,0,0,1,0
494,10,1,0,0,0
495,9,0,0,1,0
496,10,1,0,0,0
497,9,0,0,0,1
498,9,0,0,1,0
499,10,1,0,0,0
500,9,0,0,1,0
501,10,1,0,0,0
502,9,0,0,0,1
503,9,0,0,0,1
504,9,0,0,0,1
505,10,1,0,0,0
506,9,0,0,0,1
507,9,0,0,0,1
508,10,1,0,0,0
509,9,0,0,1,0
510,9,0,0,0,1
511,10,1,0,0,0
512,9,0,0,1,0
513,10,1,0,0,0
514,10,1,0,0,0
515,10,1,0,0,0
516,9,0,0,1,0
517,9,0,0,0,1
518,9,0,0,1,0
519,10,1,0,0,0
520,10,1,0,0,0
521,9,0,0,1,0
522,10,1,0,0,0
523,9,0,0,1,0
524,10,1,0,0,0
525,10,1,0,0,0
526,9,0,0,0,1
527,9,0,0,0,1
528,10,1,0,0,0
529,9,0,0,0,1
530,10,1,0,0,0
531,9,0,0,0,1
532,9,0,0,0,1
533,10,1,0,0,0
534,9,0,0,0,1
535,9,0,0,0,1
536,10,1,0,0,0
537,10,1,0,0,0
538,10,1,0,0,0
539,9,0,0,0,1
540,10,1,0,0,0
541,9,0,0,0,1
542,9,0,0,0,1
543,9,0,0,0,1
544,10,1,0,0,0
545,9,0,0,1,0
546,9,0,0,1,0
547,10,1,0,0,0
548,10,1,0,0,0
549,10,1,0,0,0
550,10,1,0,0,0
551,9,0,0,0,1
552,9,0,0,1,0
553,10,1,0,0,0
554,9,0,0,0,1
555,9,0,0,0,1
556,10,1,0,0,0
557,9,0,0,0,1
558,10,1,0,0,0
559,10,1,0,0,0
560,9,0,0,0,1
561,9,0,0,0,1
562,9,0,0,0,1
563,9,0,0,0,1
564,10,1,0,0,0
565,10,1,0,0,0
566,9,0,0,0,1
567,10,1,0,0,0
568,10,1,0,0,0
569,9,0,0,0,1
570,10,1,0,0,0
571,10,1,0,0,0
572,9,0,0,0,1
573,9,0,0,0,1
574,9,0,0,1,0
575,9,0,0,0,1
576,10,1,0,0,0
577,10,1,0,0,0
578,10,1,0,0,0
579,10,1,0,0,0
580,9,0,0,0,1
581,10,1,0,0,0
582,10,1,0,0,0
583,9,0,0,0,1
584,9,0,0,0,1
585,10,1,0,0,0
586,9,0,0,1,0
587,10,1,0,0,0
588,9,0,0,0,1
589,10,1,0,0,0
590,10,1,0,0,0
591,10,1,0,0,0
592,9,0,0,0,1
593,10,1,0,0,0
594,9,0,0,0,1
595,9,0,0,0,1
596,10,1,0,0,0
597,10,1,0,0,0
598,9,0,0,0,1
599,9,0,0,0,1
600,9,0,0,0,1
601,10,1,0,0,0
602,10,1,0,0,0
603,9,0,0,0,1
604,9,0,0,0,1
605,10,1,0,0,0
606,9,0,0,0,1
607,9,0,0,0,1
608,10,1,0,0,0
609,9,0,0,0,1
610,10,1,0,0,0
611,10,1,0,0,0
612,9,0,0,0,1
613,9,0,0,0,1
614,9,0,0,0,1
615,10,1,0,0,0
616,10,1,0,0,0
617,9,0,0,1,0
618,10,1,0,0,0
619,9,0,0,0,1
620,10,1,0,0,0
621,9,0,0,0,1
622,10,1,0,0,0
623,9,0,0,0,1
624,9,0,0,0,1
625,10,1,0,0,0
626,10,1,0,0,0
627,10,1,0,0,0
628,9,0,0,0,1
629,9,0,0,0,1
630,10,1,0,0,0
631,10,1,0,0,0
632,10,1,0,0,0
633,9,0,0,0,1
634,9,0,0,0,1
635,10,1,0,0,0
636,10,1,0,0,0
637,9,0,0,0,1
638,10,1,0,0,0
639,10,1,0,0,0
640,9,0,0,0,1
641,10,1,0,0,0
642,10,1,0,0,0
643,9,0,0,0,1
644,9,0,0,0,1
645,10,1,0,0,0
646,9,0,0,0,1
647,10,1,0,0,0
648,9,0,0,0,1
649,10,1,0,0,0
650,10,1,0,0,0
651,10,1,0,0,0
652,9,0,0,0,1
653,10,1,0,0,0
654,9,0,0,0,1
655,10,1,0,0,0
656,9,0,0,0,1
657,9,0,0,0,1
658,9,0,0,0,1
659,10,1,0,0,0
660,9,0,0,0,1
661,10,1,0,0,0
662,10,1,0,0,0
663,9,0,0,0,1
664,9,0,0,0,1
665,10,1,0,0,0
666,10,1,0,0,0
667,10,1,0,0,0
668,9,0,0,0,1
669,9,0,0,0,1
670,9,0,0,0,1
671,10,1,0,0,0
672,9,0,0,0,1
673,10,1,0,0,0
674,9,0,0,0,1
675,10,1,0,0,0
676,9,0,0,0,1
677,10,1,0,0,0
678,10,1,0,0,0
679,9,0,0,0,1
680,9,0,0,0,1
681,10,1,0,0,0
682,10,1,0,0,0
683,9,0,0,0,1
684,9,0,0,0,1
685,10,1,0,0,0
686,10,1,0,0,0
687,9,0,0,0,1
688,9,0,0,1,0
689,10,1,0,0,0
690,10,1,0,0,0
691,9,0,0,0,1
692,10,1,0,0,0
693,9,0,0,0,1
694,9,0,0,0,1
695,9,0,0,0,1
696,10,1,0,0,0
697,9,0,0,0,1
698,10,1,0,0,0
699,10,1,0,0,0
700,10,1,0,0,0
701,9,0,0,0,1
702,9,0,0,0,1
703,10,1,0,0,0
704,9,0,0,0,1
705,10,1,0,0,0
706,9,0,0,0,1
707,9,0,0,0,1
708,9,0,0,0,1
709,10,1,0,0,0
710,10,1,0,0,0
711,10,1,0,0,0
712,9,0,0,0,1
713,10,1,0,0,0
714,9,0,0,0,1
715,9,0,0,0,1
716,10,1,0,0,0
717,9,0,0,0,1
718,10,1,0,0,0
719,9,0,0,0,1
720,9,0,0,0,1
721,9,0,0,1,0
722,10,1,0,0,0
723,10,1,0,0,0
724,9,0,0,0,1
725,9,0,0,0,1
726,10,1,0,0,0
727,10,1,0,0,0
728,10,1,0,0,0
729,9,0,0,0,1
730,10,1,0,0,0
731,9,0,0,0,1
732,10,1,0,0,0
733,9,0,0,0,1
734,9,0,0,1,0
735,9,0,0,0,1
736,10,1,0,0,0
737,9,0,0,0,1
738,10,1,0,0,0
739,9,0,0,0,1
740,9,0,0,0,1
741,10,1,0,0,0
742,9,0,0,0,1
743,9,0,0,0,1
744,10,1,0,0,0
745,10,1,0,0,0
746,10,1,0,0,0
747,9,0,0,0,1
748,10,1,0,0,0
749,9,0,0,0,1
750,10,1,0,0,0
751,10,1,0,0,0
752,9,0,0,0,1
753,9,0,0,0,1
754,10,1,0,0,0
755,9,0,0,0,1
756,10,1,0,0,0
757,9,0,0,0,1
758,9,0,0,0,1
759,10,1,0,0,0
760,9,0,0,0,1
761,9,0,0,0,1
762,10,1,0,0,0
763,10,1,0,0,0
764,10,1,0,0,0
765,9,0,0,0,1
766,9,0,0,0,1
767,9,0,0,0,1
768,10,1,0,0,0
769,10,1,0,0,0
770,9,0,0,0,1
771,10,1,0,0,0
772,9,0,0,0,1
773,9,0,0,0,1
774,9,0,0,0,1
775,10,1,0,0,0
776,9,0,0,0,1
777,9,0,0,0,1
778,10,1,0,0,0
779,10,1,0,0,0
780,9,0,0,0,1
781,9,0,0,0,1
782,10,1,0,0,0
783,10,1,0,0,0
784,9,0,0,0,1
785,10,1,0,0,0
786,10,1,0,0,0
787,9,0,0,0,1
788,9,0,0,0,1
789,10,1,0,0,0
790,10,1,0,0,0
791,9,0,0,0,1
792,9,0,0,0,1
793,9,0,0,0,1
794,9,0,0,0,1
795,10,1,0,0,0
796,10,1,0,0,0
797,9,0,0,0,1
798,10,1,0,0,0
799,10,1,0,0,0
800,10,1,0,0,0
801,9,0,0,0,1
802,10,1,0,0,0
803,9,0,0,0,1
804,9,0,0,0,1
805,10,1,0,0,0
806,10,1,0,0,0
807,10,1,0,0,0
808,9,0,0,0,1
809,9,0,0,0,1
810,9,0,0,0,1
811,10,1,0,0,0
812,10,1,0,0,0
813,9,0,0,0,1
814,10,1,0,0,0
815,9,0,0,0,1
816,10,1,0,0,0
817,9,0,0,0,1
818,10,1,0,0,0
819,10,1,0,0,0
820,9,0,0,0,1
821,9,0,0,0,1
822,10,1,0,0,0
823,10,1,0,0,0
824,9,0,0,0,1
825,9,0,0,0,1
826,10,1,0,0,0
827,9,0,0,0,1
828,9,0,0,0,1
829,10,1,0,0,0
830,10,1,0,0,0
831,10,1,0,0,0
832,10,1,0,0,0
833,9,0,0,0,1
834,9,0,0,0,1
835,9,0,0,0,1
836,10,1,0,0,0
837,10,1,0,0,0
838,10,1,0,0,0
839,9,0,0,0,1
840,9,0,0,0,1
841,9,0,0,0,1
842,10,1,0,0,0
843,10,1,0,0,0
844,9,0,0,0,1
845,10,1,0,0,0
846,10,1,0,0,0
847,9,0,0,0,1
848,10,1,0,0,0
849,9,0,0,0,1
850,9,0,0,0,1
851,9,0,0,0,1
852,10,1,0,0,0
853,10,1,0,0,0
854,9,0,0,0,1
855,10,1,0,0,0
856,9,0,0,0,1
857,10,1,0,0,0
858,10,1,0,0,0
859,9,0,0,0,1
860,9,0,0,0,1
861,10,1,0,0,0
862,9,0,0,0,1
863,10,1,0,0,0
864,9,0,0,0,1
865,9,0,0,0,1
866,10,1,0,0,0
867,9,0,0,0,1
868,10,1,0,0,0
869,10,1,0,0,0
870,10,1,0,0,0
871,9,0,0,0,1
872,9,0,0,0,1
873,10,1,0,0,0
874,9,0,0,0,1
875,10,1,0,0,0
876,9,0,0,0,1
877,10,1,0,0,0
878,10,1,0,0,0
879,9,0,0,0,1
880,10,1,0,0,0
881,9,0,0,0,1
882,10,1,0,0,0
883,10,1,0,0,0
884,9,0,0,0,1
885,9,0,0,0,1
886,9,0,0,0,1
887,9,0,0,0,1
888,10,1,0,0,0
889,9,0,0,0,1
890,9,0,0,0,1
891,10,1,0,0,0
892,10,1,0,0,0
893,9,0,0,0,1
894,10,1,0,0,0
895,9,0,0,0,1
896,10,1,0,0,0
897,9,0,0,0,1
898,10,1,0,0,0
899,9,0,0,0,1
900,10,1,0,0,0
901,9,0,0,0,1
902,9,0,0,0,1
903,9,0,0,0,1
904,10,1,0,0,0
905,9,0,0,0,1
906,10,1,0,0,0
907,10,1,0,0,0
908,10,1,0,0,0
909,9,0,0,0,1
910,9,0,0,0,1
911,9,0,0,0,1
912,10,1,0,0,0
913,10,1,0,0,0
914,9,0,0,0,1
915,10,1,0,0,0
916,10,1,0,0,0
917,9,0,0,0,1
918,10,1,0,0,0
919,10,1,0,0,0
920,9,0,0,0,1
921,9,0,0,0,1
922,10,1,0,0,0
923,9,0,0,0,1
924,10,1,0,0,0
925,9,0,0,0,1
926,10,1,0,0,0
927,9,0,0,0,1
928,9,0,0,0,1
929,9,0,0,0,1
930,10,1,0,0,0
931,10,1,0,0,0
932,10,1,0,0,0
933,9,0,0,0,1
934,10,1,0,0,0
935,9,0,0,0,1
936,10,1,0,0,0
937,9,0,0,0,1
938,10,1,0,0,0
939,9,0,0,0,1
940,9,0,0,0,1
941,9,0,0,0,1
942,10,1,0,0,0
943,9,0,0,0,1
944,9,0,0,0,1
945,10,1,0,0,0
946,10,1,0,0,0
947,10,1,0,0,0
948,10,1,0,0,0
949,9,0,0,0,1
950,9,0,0,0,1
951,10,1,0,0,0
952,10,1,0,0,0
953,9,0,0,0,1
954,9,0,0,1,0
955,10,1,0,0,0
956,9,0,0,0,1
957,10,1,0,0,0
958,9,0,0,1,0
959,10,1,0,0,0
960,10,1,0,0,0
961,9,0,0,0,1
962,9,0,0,0,1
963,10,1,0,0,0
964,9,0,0,0,1
965,10,1,0,0,0
966,9,0,0,0,1
967,9,0,0,0,1
968,10,1,0,0,0
969,9,0,0,0,1
970,10,1,0,0,0
971,10,1,0,0,0
972,9,0,0,0,1
973,9,0,0,0,1
974,10,1,0,0,0
975,10,1,0,0,0
976,9,0,0,0,1
977,10,1,0,0,0
978,10,1,0,0,0
979,10,1,0,0,0
980,9,0,0,0,1
981,10,1,0,0,0
982,9,0,0,0,1
983,9,0,0,0,1
984,10,1,0,0,0
985,10,1,0,0,0
986,10,1,0,0,0
987,10,1,0,0,0
988,9,0,0,0,1
989,9,0,0,0,1
990,10,1,0,0,0
991,10,1,0,0,0
992,9,0,0,0,1
993,9,0,0,0,1
994,9,0,0,0,1
995,10,1,0,0,0
996,9,0,0,0,1
997,10,1,0,0,0
998,10,1,0,0,0
999,9,0,0,0,1
1000,9,0,0,0,1
1001,9,0,0,0,1
1002,10,1,0,0,0
1003,9,0,0,0,1
1004,10,1,0,0,0
1005,10,1,0,0,0
1006,9,0,0,0,1
1007,9,0,0,0,1
1008,10,1,0,0,0
1009,10,1,0,0,0
1010,10,1,0,0,0
1011,9,0,0,0,1
1012,9,0,0,0,1
1013,10,1,0,0,0
1014,9,0,0,0,1
1015,10,1,0,0,0
1016,10,1,0,0,0
1017,9,0,0,0,1
1018,10,1,0,0,0
1019,9,0,0,0,1
1020,10,1,0,0,0
1021,10,1,0,0,0
1022,9,0,0,0,1
1023,9,0,0,0,1
1024,10,1,0,0,0
1025,10,1,0,0,0
1026,9,0,0,1,0
1027,9,0,0,0,1
1028,10,1,0,0,0
1029,10,1,0,0,0
1030,9,0,0,1,0
1031,9,0,0,0,1
1032,10,1,0,0,0
1033,10,1,0,0,0
1034,9,0,0,0,1
1035,9,0,0,0,1
1036,10,1,0,0,0
1037,9,0,0,0,1
1038,10,1,0,0,0
1039,9,0,0,0,1
1040,9,0,0,0,1
1041,10,1,0,0,0
1042,10,1,0,0,0
1043,10,1,0,0,0
1044,9,0,0,0,1
1045,9,0,0,0,1
1046,10,1,0,0,0
1047,9,0,0,0,1
1048,9,0,0,0,1
1049,10,1,0,0,0
1050,9,0,0,0,1
1051,10,1,0,0,0
1052,9,0,0,0,1
1053,9,0,0,0,1
1054,10,1,0,0,0
1055,9,0,0,0,1
1056,10,1,0,0,0
1057,10,1,0,0,0
1058,9,0,0,0,1
1059,10,1,0,0,0
1060,9,0,0,0,1
1061,10,1,0,0,0
1062,10,1,0,0,0
1063,9,0,0,0,1
1064,10,1,0,0,0
1065,10,1,0,0,0
1066,9,0,0,0,1
1067,9,0,0,0,1
1068,9,0,0,0,1
1069,10,1,0,0,0
1070,9,0,0,0,1
1071,9,0,0,0,1
1072,10,1,0,0,0
1073,10,1,0,0,0
1074,10,1,0,0,0
1075,9,0,0,0,1
1076,9,0,0,0,1
1077,10,1,0,0,0
1078,9,0,0,0,1
1079,9,0,0,0,1
1080,10,1,0,0,0
1081,10,1,0,0,0
1082,9,0,0,0,1
1083,9,0,0,0,1
1084,9,0,0,0,1
1085,10,1,0,0,0
1086,9,0,0,0,1
1087,10,1,0,0,0
1088,10,1,0,0,0
1089,9,0,0,0,1
1090,9,0,0,0,1
1091,9,0,0,0,1
1092,9,0,0,0,1
1093,10,1,0,0,0
1094,10,1,0,0,0
1095,9,0,0,0,1
1096,10,1,0,0,0
1097,10,1,0,0,0
1098,9,0,0,0,1
1099,10,1,0,0,0
1100,10,1,0,0,0
1101,9,0,0,0,1
1102,10,1,0,0,0
1103,9,0,0,0,1
1104,9,0,0,0,1
1105,10,1,0,0,0
1106,9,0,0,0,1
1107,10,1,0,0,0
1108,9,0,0,0,1
1109,10,1,0,0,0
1110,10,1,0,0,0
1111,10,1,0,0,0
1112,9,0,0,0,1
1113,9,0,0,0,1
1114,10,1,0,0,0
1115,9,0,0,0,1
1116,10,1,0,0,0
1117,10,1,0,0,0
1118,9,0,0,0,1
1119,10,1,0,0,0
1120,10,1,0,0,0
1121,9,0,0,0,1
1122,10,1,0,0,0
1123,9,0,0,0,1
1124,9,0,0,0,1
1125,10,1,0,0,0
1126,10,1,0,0,0
1127,10,1,0,0,0
1128,10,1,0,0,0
1129,9,0,0,0,1
1130,9,0,0,0,1
1131,10,1,0,0,0
1132,9,0,0,0,1
1133,9,0,0,0,1
1134,10,1,0,0,0
1135,10,1,0,0,0
1136,9,0,0,0,1
1137,10,1,0,0,0
1138,9,0,0,0,1
1139,10,1,0,0,0
1140,9,0,0,0,1
1141,10,1,0,0,0
1142,9,0,0,0,1
1143,10,1,0,0,0
1144,10,1,0,0,0
1145,9,0,0,0,1
1146,10,1,0,0,0
1147,9,0,0,0,1
1148,9,0,0,0,1
1149,9,0,0,0,1
1150,10,1,0,0,0
1151,9,0,0,0,1
1152,9,0,0,0,1
1153,10,1,0,0,0
1154,10,1,0,0,0
1155,10,1,0,0,0
1156,10,1,0,0,0
1157,9,0,0,0,1
1158,9,0,0,0,1
1159,9,0,0,0,1
1160,10,1,0,0,0
1161,9,0,0,0,1
1162,10,1,0,0,0
1163,10,1,0,0,0
1164,9,0,0,0,1
1165,9,0,0,0,1
1166,10,1,0,0,0
1167,10,1,0,0,0
1168,9,0,0,0,1
1169,10,1,0,0,0
1170,9,0,0,0,1
1171,10,1,0,0,0
1172,9,0,0,0,1
1173,10,1,0,0,0
1174,9,0,0,0,1
1175,9,0,0,0,1
1176,10,1,0,0,0
1177,9,0,0,0,1
1178,9,0,0,0,1
1179,10,1,0,0,0
1180,10,1,0,0,0
1181,10,1,0,0,0
1182,9,0,0,0,1
1183,10,1,0,0,0
1184,10,1,0,0,0
1185,9,0,0,0,1
1186,9,0,0,1,0
1187,9,0,0,0,1
1188,10,1,0,0,0
1189,10,1,0,0,0
1190,9,0,0,0,1
1191,9,0,0,0,1
1192,10,1,0,0,0
1193,10,1,0,0,0
1194,9,0,0,0,1
1195,10,1,0,0,0
1196,10,1,0,0,0
1197,9,0,0,0,1
1198,9,0,0,0,1
1199,10,1,0,0,0
1200,10,1,0,0,0
1201,9,0,0,0,1
1202,9,0,0,0,1
1203,9,0,0,0,1
1204,9,0,0,0,1
1205,10,1,0,0,0
1206,10,1,0,0,0
1207,9,0,0,0,1
1208,10,1,0,0,0
1209,9,0,0,0,1
1210,10,1,0,0,0
1211,10,1,0,0,0
1212,10,1,0,0,0
1213,9,0,0,0,1
1214,10,1,0,0,0
1215,9,0,0,0,1
1216,10,1,0,0,0
1217,9,0,0,0,1
1218,10,1,0,0,0
1219,10,1,0,0,0
1220,9,0,0,0,1
1221,9,0,0,0,1
1222,10,1,0,0,0
1223,9,0,0,0,1
1224,9,0,0,0,1
1225,10,1,0,0,0
1226,10,1,0,0,0
1227,10,1,0,0,0
1228,9,0,0,0,1
1229,9,0,0,1,0
1230,10,1,0,0,0
1231,9,0,0,0,1
1232,10,1,0,0,0
1233,9,0,0,0,1
1234,9,0,0,0,1
1235,10,1,0,0,0
1236,9,0,0,0,1
1237,9,0,0,0,1
1238,9,0,0,1,0
1239,10,1,0,0,0
1240,10,1,0,0,0
1241,10,1,0,0,0
1242,9,0,0,0,1
1243,9,0,0,0,1
1244,10,1,0,0,0
1245,9,0,0,0,1
1246,9,0,0,0,1
1247,10,1,0,0,0
1248,10,1,0,0,0
1249,9,0,0,0,1
1250,10,1,0,0,0
1251,9,0,0,0,1
1252,9,0,0,0,1
1253,9,0,0,0,1
1254,10,1,0,0,0
1255,9,0,0,0,1
1256,10,1,0,0,0
1257,10,1,0,0,0
1258,10,1,0,0,0
1259,9,0,0,0,1
1260,10,1,0,0,0
1261,9,0,0,0,1
1262,9,0,0,0,1
1263,10,1,0,0,0
1264,10,1,0,0,0
1265,9,0,0,0,1
1266,9,0,0,1,0
1267,10,1,0,0,0
1268,9,0,0,0,1
1269,10,1,0,0,0
1270,9,0,0,0,1
1271,10,1,0,0,0
1272,10,1,0,0,0
1273,9,0,0,0,1
1274,9,0,0,0,1
1275,10,1,0,0,0
1276,10,1,0,0,0
1277,9,0,0,0,1
1278,9,0,0,0,1
1279,9,0,0,0,1
1280,10,1,0,0,0
1281,10,1,0,0,0
1282,9,0,0,1,0
1283,10,1,0,0,0
1284,9,0,0,0,1
1285,10,1,0,0,0
1286,9,0,0,1,0
1287,10,1,0,0,0
1288,10,1,0,0,0
1289,9,0,0,0,1
1290,10,1,0,0,0
1291,9,0,0,0,1
1292,10,1,0,0,0
1293,10,1,0,0,0
1294,9,0,0,0,1
1295,9,0,0,0,1
1296,9,0,0,0,1
1297,9,0,0,0,1
1298,10,1,0,0,0
1299,10,1,0,0,0
1300,10,1,0,0,0
1301,9,0,0,0,1
1302,9,0,0,0,1
1303,10,1,0,0,0
1304,10,1,0,0,0
1305,9,0,0,0,1
1306,9,0,0,0,1
1307,10,1,0,0,0
1308,9,0,0,0,1
1309,10,1,0,0,0
1310,9,0,0,0,1
1311,9,0,0,0,1
1312,9,0,0,0,1
1313,10,1,0,0,0
1314,10,1,0,0,0
1315,9,0,0,0,1
1316,10,1,0,0,0
1317,9,0,0,0,1
1318,10,1,0,0,0
1319,10,1,0,0,0
1320,9,0,0,0,1
1321,9,0,0,0,1
1322,9,0,0,0,1
1323,10,1,0,0,0
1324,10,1,0,0,0
1325,9,0,0,0,1
1326,10,1,0,0,0
1327,9,0,0,0,1
1328,9,0,0,0,1
1329,9,0,0,0,1
1330,10,1,0,0,0
1331,9,0,0,0,1
1332,10,1,0,0,0
1333,10,1,0,0,0
1334,9,0,0,0,1
1335,9,0,0,0,1
1336,10,1,0,0,0
1337,10,1,0,0,0
1338,10,1,0,0,0
1339,9,0,0,1,0
1340,9,0,0,0,1
1341,9,0,0,0,1
1342,10,1,0,0,0
1343,9,0,0,0,1
1344,10,1,0,0,0
1345,9,0,0,0,1
1346,10,1,0,0,0
1347,9,0,0,0,1
1348,10,1,0,0,0
1349,9,0,0,0,1
1350,10,1,0,0,0
1351,9,0,0,0,1
1352,10,1,0,0,0
1353,9,0,0,0,1
1354,10,1,0,0,0
1355,9,0,0,0,1
1356,10,1,0,0,0
1357,9,0,0,1,0
1358,9,0,0,0,1
1359,10,1,0,0,0
1360,10,1,0,0,0
1361,10,1,0,0,0
1362,9,0,0,0,1
1363,10,1,0,0,0
1364,9,0,0,0,1
1365,10,1,0,0,0
1366,10,1,0,0,0
1367,9,0,0,0,1
1368,9,0,0,0,1
1369,9,0,0,0,1
1370,10,1,0,0,0
1371,10,1,0,0,0
1372,9,0,0,0,1
1373,10,1,0,0,0
1374,9,0,0,0,1
1375,9,0,0,0,1
1376,9,0,0,0,1
1377,10,1,0,0,0
1378,10,1,0,0,0
1379,10,1,0,0,0
1380,9,0,0,0,1
1381,9,0,0,0,1
1382,9,0,0,0,1
1383,10,1,0,0,0
1384,10,1,0,0,0
1385,9,0,0,0,1
1386,9,0,0,0,1
1387,10,1,0,0,0
1388,9,0,0,0,1
1389,9,0,0,0,1
1390,10,1,0,0,0
1391,10,1,0,0,0
1392,10,1,0,0,0
1393,9,0,0,0,1
1394,9,0,0,0,1
1395,9,0,0,0,1
1396,10,1,0,0,0
1397,9,0,0,0,1
1398,10,1,0,0,0
1399,10,1,0,0,0
1400,9,0,0,0,1
1401,10,1,0,0,0
1402,9,0,0,0,1
1403,9,0,0,0,1
1404,10,1,0,0,0
1405,9,0,0,0,1
1406,10,1,0,0,0
1407,9,0,0,0,1
1408,10,1,0,0,0
1409,9,0,0,0,1
1410,9,0,0,0,1
1411,10,1,0,0,0
1412,9,0,0,0,1
1413,9,0,0,0,1
1414,10,1,0,0,0
1415,10,1,0,0,0
1416,9,0,0,0,1
1417,9,0,0,0,1
1418,10,1,0,0,0
1419,10,1,0,0,0
1420,10,1,0,0,0
1421,9,0,0,0,1
1422,10,1,0,0,0
1423,9,0,0,0,1
1424,9,0,0,0,1
1425,10,1,0,0,0
1426,9,0,0,0,1
1427,9,0,0,0,1
1428,10,1,0,0,0
1429,10,1,0,0,0
1430,10,1,0,0,0
1431,9,0,0,0,1
1432,10,1,0,0,0
1433,9,0,0,0,1
1434,9,0,0,0,1
1435,9,0,0,0,1
1436,10,1,0,0,0
1437,10,1,0,0,0
1438,9,0,0,0,1
1439,9,0,0,0,1
1440,10,1,0,0,0
1441,10,1,0,0,0
1442,9,0,0,0,1
1443,9,0,0,1,0
1444,10,1,0,0,0
1445,9,0,0,0,1
1446,10,1,0,0,0
1447,10,1,0,0,0
1448,9,0,0,0,1
1449,10,1,0,0,0
1450,10,1,0,0,0
1451,9,0,0,0,1
1452,9,0,0,0,1
1453,9,0,0,0,1
1454,9,0,0,1,0
1455,10,1,0,0,0
1456,10,1,0,0,0
1457,9,0,0,0,1
1458,9,0,0,0,1
1459,10,1,0,0,0
1460,9,0,0,0,1
1461,9,0,0,0,1
1462,10,1,0,0,0
1463,10,1,0,0,0
1464,10,1,0,0,0
1465,9,0,0,0,1
1466,9,0,0,0,1
1467,9,0,0,0,1
1468,10,1,0,0,0
1469,9,0,0,0,1
1470,9,0,0,0,1
1471,10,1,0,0,0
1472,10,1,0,0,0
1473,9,0,0,0,1
1474,9,0,0,0,1
1475,10,1,0,0,0
1476,10,1,0,0,0
1477,9,0,0,0,1
1478,9,0,0,0,1
1479,9,0,0,0,1
1480,10,1,0,0,0
1481,10,1,0,0,0
1482,9,0,0,0,1
1483,9,0,0,0,1
1484,9,0,0,0,1
1485,10,1,0,0,0
1486,9,0,0,0,1
1487,10,1,0,0,0
1488,9,0,0,0,1
1489,10,1,0,0,0
1490,10,1,0,0,0
1491,9,0,0,0,1
1492,10,1,0,0,0
1493,9,0,0,0,1
1494,9,0,0,0,1
1495,9,0,0,0,1
1496,10,1,0,0,0
1497,9,0,0,0,1
1498,10,1,0,0,0
1499,10,1,0,0,0
1500,9,0,0,0,1
1501,9,0,0,0,1
