2,5,0,0,0,1,32767,20
3,6,1,0,0,0,1403,27
4,5,0,0,0,1,14013,37
5,6,1,0,0,0,14019,43
6,6,1,0,0,0,14028,52
7,6,1,0,0,0,14043,67
8,5,0,0,0,1,14049,73
9,5,0,0,0,1,14056,80
10,6,1,0,0,0,1412,86
11,5,0,0,0,1,14121,104
12,6,1,0,0,0,14127,111
13,5,0,0,0,1,14142,126
14,5,0,0,0,1,14149,132
15,6,1,0,0,0,14156,140
16,6,1,0,0,0,1423,146
17,6,0,1,0,0,1429,153
18,5,0,0,0,1,14220,164
18,6,0,1,0,0,14228,172
19,6,1,0,0,0,14317,221
20,5,0,0,0,1,14330,234
21,5,0,0,0,1,14337,240
22,5,0,0,0,1,14343,247
22,6,0,1,0,0,14344,248
23,5,0,0,0,1,32767,2417
24,5,0,0,0,1,18547,2652
24,6,0,1,0,0,32767,2988
25,5,0,0,0,1,32767,10014
25,6,0,1,0,0,21544,10549
26,6,0,1,0,0,14,21019
27,5,0,0,0,1,230,21155
27,6,0,1,0,0,5726,24452
28,5,0,0,0,1,1556,24962
29,6,0,1,0,0,1955,25200
29,6,0,1,0,0,11316,25401
30,5,0,0,0,1,11341,25426
30,5,0,0,0,1,11539,25544
31,5,0,0,0,1,11743,25668
32,5,0,0,1,0,15751,2114
32,6,0,1,0,0,1580,2124
33,5,0,0,0,1,21851,3374
34,5,0,0,1,0,21918,3402
35,5,0,0,1,0,21933,3416
36,6,1,0,0,0,21939,3423
37,5,0,0,0,1,21949,3432
38,6,1,0,0,0,2202,3446
39,5,0,0,0,1,2209,3453
39,6,0,1,0,0,22217,3581
40,5,0,0,0,1,2240,3684
41,5,0,0,1,0,22445,3729
42,6,1,0,0,0,22453,3736
43,6,0,1,0,0,2250,3744
44,5,0,0,0,1,2257,3750
45,6,0,1,0,0,22513,3757
46,6,0,1,0,0,22520,3763
47,5,0,0,0,1,22528,3771
48,6,0,1,0,0,22534,3778
49,5,0,0,0,1,22549,3792
49,5,0,0,0,1,22550,3793
50,5,0,0,0,1,2292,3986
51,5,0,0,0,1,22913,3997
52,6,1,0,0,0,22927,4011
53,6,1,0,0,0,22937,4021
54,5,0,0,0,1,22944,4028
55,5,0,0,0,1,22950,4034
56,6,1,0,0,0,22957,4040
57,6,0,1,0,0,2303,4046
58,6,1,0,0,0,2309,4053
59,5,0,0,0,1,23031,4075
60,5,0,0,0,1,23038,4081
61,6,1,0,0,0,23044,4087
62,5,0,0,0,1,23055,4098
63,6,1,0,0,0,2311,4104
64,5,0,0,0,1,2317,4111
65,5,0,0,0,1,23116,4119
66,5,0,0,0,1,23122,4126
67,6,0,1,0,0,23131,4134
68,6,0,1,0,0,23142,4145
69,5,0,0,0,1,23152,4156
69,5,0,0,0,1,23233,4196
70,6,0,1,0,0,23318,4241
71,5,0,0,0,1,23333,4256
72,6,1,0,0,0,23339,4263
73,5,0,0,0,1,23348,4272
73,6,0,1,0,0,23349,4273
74,5,0,0,0,1,32147,7151
75,6,1,0,0,0,3226,7170
76,6,1,0,0,0,32213,7176
77,5,0,0,0,1,32222,7185
78,6,1,0,0,0,32228,7192
79,5,0,0,0,1,32238,7201
80,5,0,0,1,0,32254,7217
81,6,1,0,0,0,3230,7224
82,6,0,1,0,0,3238,7231
83,6,1,0,0,0,32314,7238
84,5,0,0,0,1,32331,7255
85,5,0,0,0,1,32342,7265
85,6,0,1,0,0,3247,7290
86,5,0,0,1,0,32767,7552
87,6,1,0,0,0,32767,7561
88,6,1,0,0,0,32767,7567
89,5,0,0,0,1,32767,7576
90,6,1,0,0,0,3291,7584
91,5,0,0,0,1,3297,7591
92,6,1,0,0,0,32767,7602
93,6,1,0,0,0,32767,7610
94,5,0,0,0,1,32767,7618
94,5,0,0,0,1,32767,7619
95,6,0,1,0,0,32767,8113
96,5,0,0,0,1,32767,8122
97,5,0,0,0,1,3385,8128
98,6,0,1,0,0,32767,8135
99,6,0,1,0,0,32767,8141
100,6,0,1,0,0,32767,8149
101,6,0,1,0,0,32767,8157
101,5,0,0,0,1,32767,8158
102,5,0,0,0,1,32767,8207
103,5,0,0,0,1,32767,8213
104,6,0,1,0,0,32767,8224
105,6,0,1,0,0,32767,8233
106,5,0,0,0,1,32767,8239
107,5,0,0,0,1,3402,8245
108,6,0,1,0,0,3409,8253
109,6,1,0,0,0,32767,8260
110,6,0,1,0,0,32767,8266
111,5,0,0,0,1,32767,8274
112,5,0,0,0,1,32767,8281
113,5,0,0,0,1,32767,8318
113,6,0,1,0,0,32767,8344
114,5,0,0,1,0,32767,8418
115,6,1,0,0,0,3431,8425
116,5,0,0,0,1,3438,8432
117,5,0,0,0,1,32767,8439
117,6,0,1,0,0,32767,8440
118,5,0,0,1,0,32767,9194
119,5,0,0,0,1,32767,9201
120,6,1,0,0,0,3567,9210
121,5,0,0,0,1,32767,9217
122,6,0,1,0,0,32767,9225
122,5,0,0,0,1,32767,9234
123,6,1,0,0,0,32767,9346
124,5,0,0,0,1,32767,9352
125,6,1,0,0,0,32767,9358
126,6,1,0,0,0,32767,9365
127,5,0,0,0,1,32767,9371
128,5,0,0,0,1,32767,9377
129,5,0,0,0,1,3590,9384
130,5,0,0,0,1,3598,9391
131,6,1,0,0,0,32767,9401
132,6,0,1,0,0,32767,9408
133,5,0,0,0,1,32767,9414
134,6,0,1,0,0,32767,9422
134,6,0,1,0,0,32767,9424
135,5,0,0,0,1,4121,9524
136,5,0,0,1,0,4127,9530
137,5,0,0,0,1,4135,9538
138,6,1,0,0,0,4141,9545
139,6,1,0,0,0,4149,9552
140,5,0,0,0,1,426,9569
141,5,0,0,0,1,4212,9576
142,6,1,0,0,0,4221,9584
143,5,0,0,0,1,4228,9591
144,5,0,0,0,1,4236,9599
145,6,1,0,0,0,4247,9610
146,5,0,0,0,1,4258,9621
147,6,1,0,0,0,434,9628
148,6,0,1,0,0,4311,9634
149,5,0,0,0,1,4323,9646
150,6,0,1,0,0,4329,9652
151,5,0,0,0,1,4343,9666
152,5,0,0,0,1,443,9687
153,6,0,1,0,0,4410,9693
154,5,0,0,0,1,4423,9707
154,5,0,0,0,1,4429,9713
155,5,0,0,1,0,4528,9771
156,5,0,0,0,1,4534,9778
157,6,1,0,0,0,4553,9797
158,5,0,0,0,1,4610,9813
159,5,0,0,0,1,4616,9819
160,6,1,0,0,0,4622,9826
161,6,1,0,0,0,4629,9832
162,6,1,0,0,0,4645,9848
163,6,1,0,0,0,4651,9854
164,5,0,0,0,1,471,9865
164,5,0,0,0,1,473,9866
165,6,1,0,0,0,4835,9959
166,5,0,0,0,1,4845,9968
167,6,1,0,0,0,4851,9975
168,6,1,0,0,0,496,9989
169,5,0,0,0,1,4924,10008
170,5,0,0,0,1,4935,10019
171,6,1,0,0,0,4942,10025
172,6,1,0,0,0,4948,10032
173,5,0,0,0,1,4955,10039
174,6,0,1,0,0,4109,10053
174,5,0,0,0,1,32767,10054
175,6,0,1,0,0,32767,10080
175,6,0,1,0,0,32767,10086
176,6,1,0,0,0,32767,10101
177,5,0,0,0,1,4114,10107
178,5,0,0,0,1,32767,10113
179,6,1,0,0,0,32767,10120
180,6,1,0,0,0,32767,10126
181,5,0,0,0,1,32767,10132
182,6,0,1,0,0,32767,10139
183,5,0,0,0,1,32767,10145
184,5,0,0,0,1,32767,10152
185,6,1,0,0,0,32767,10159
185,6,0,1,0,0,32767,10162
186,6,1,0,0,0,32767,10198
187,5,0,0,0,1,32767,10216
188,5,0,0,0,1,32767,10222
189,6,0,1,0,0,4135,10229
189,5,0,0,0,1,32767,10233
190,6,1,0,0,0,32767,10486
191,6,1,0,0,0,32767,10493
192,6,1,0,0,0,32767,10499
193,6,1,0,0,0,32767,10506
194,5,0,0,0,1,32767,10512
195,5,0,0,0,1,32767,10518
196,6,1,0,0,0,4181,10525
197,5,0,0,0,1,32767,10537
198,5,0,0,0,1,32767,10547
199,5,0,0,0,1,32767,10553
200,6,1,0,0,0,32767,10561
201,5,0,0,0,1,32767,10568
202,6,1,0,0,0,32767,10575
203,6,1,0,0,0,32767,10581
204,6,0,1,0,0,4196,10590
205,5,0,0,0,1,32767,10596
206,5,0,0,0,1,32767,10603
207,6,0,1,0,0,32767,10610
208,6,1,0,0,0,32767,10618
209,5,0,0,0,1,32767,10633
210,5,0,0,1,0,4201,10645
211,6,1,0,0,0,4208,10651
212,5,0,0,0,1,32767,10659
213,5,0,0,1,0,32767,10665
214,6,1,0,0,0,32767,10674
215,6,1,0,0,0,32767,10680
216,6,1,0,0,0,32767,10686
217,5,0,0,0,1,32767,10693
218,6,0,1,0,0,32767,10699
219,5,0,0,0,1,4212,10706
220,5,0,0,1,0,32767,10720
221,6,1,0,0,0,32767,10727
222,5,0,0,0,1,32767,10733
223,5,0,0,0,1,32767,10739
224,6,1,0,0,0,32767,10748
225,5,0,0,0,1,32767,10754
226,5,0,0,0,1,32767,10761
227,5,0,0,0,1,4226,10769
228,6,0,1,0,0,32767,10776
229,6,0,1,0,0,32767,10783
230,6,0,1,0,0,32767,10790
231,5,0,0,0,1,32767,10797
232,5,0,0,0,1,32767,10803
233,5,0,0,0,1,32767,10811
234,5,0,0,0,1,32767,10818
235,6,1,0,0,0,4231,10824
236,6,1,0,0,0,4237,10830
237,5,0,0,0,1,32767,10841
238,5,0,0,0,1,32767,10853
239,6,1,0,0,0,32767,10878
240,6,1,0,0,0,4241,10884
241,5,0,0,0,1,4247,10891
242,5,0,0,0,1,32767,10897
243,6,0,1,0,0,32767,10911
244,6,0,1,0,0,32767,10918
245,5,0,0,0,1,32767,10925
246,6,1,0,0,0,32767,10931
247,5,0,0,0,1,32767,10940
248,6,1,0,0,0,4253,10946
249,6,1,0,0,0,32767,10956
250,5,0,0,0,1,32767,10962
251,6,1,0,0,0,32767,10969
252,6,1,0,0,0,32767,10975
253,5,0,0,0,1,32767,10982
254,5,0,0,0,1,32767,10988
255,6,1,0,0,0,32767,10995
255,6,0,1,0,0,32767,10996
256,5,0,0,1,0,4280,11123
257,6,1,0,0,0,4286,11130
258,5,0,0,0,1,32767,11136
259,6,1,0,0,0,32767,11143
260,6,1,0,0,0,32767,11149
261,5,0,0,0,1,32767,11155
262,5,0,0,0,1,32767,11161
263,6,0,1,0,0,32767,11168
264,5,0,0,0,1,32767,11174
265,6,0,1,0,0,32767,11180
266,5,0,0,0,1,4296,11190
267,5,0,0,1,0,32767,11197
267,6,0,1,0,0,32767,11198
268,6,1,0,0,0,32767,11254
269,6,1,0,0,0,32767,11261
270,5,0,0,0,1,32767,11268
271,5,0,0,0,1,32767,11274
272,6,1,0,0,0,32767,11280
273,6,1,0,0,0,32767,11287
274,6,1,0,0,0,32767,11296
275,5,0,0,0,1,4311,11304
276,6,1,0,0,0,4317,11311
277,5,0,0,0,1,32767,11318
278,5,0,0,0,1,32767,11325
279,6,1,0,0,0,32767,11331
280,6,1,0,0,0,32767,11337
281,5,0,0,0,1,32767,11344
282,5,0,0,0,1,32767,11350
283,6,1,0,0,0,32767,11356
284,6,0,1,0,0,32767,11363
285,5,0,0,0,1,4326,11369
286,5,0,0,0,1,32767,11375
287,6,1,0,0,0,32767,11382
288,6,0,1,0,0,32767,11395
289,5,0,0,0,1,32767,11402
290,6,1,0,0,0,32767,11408
290,6,0,1,0,0,32767,11410
291,5,0,0,0,1,32767,12344
292,5,0,0,0,1,32767,12351
293,5,0,0,0,1,32767,12357
294,6,1,0,0,0,32767,12363
295,5,0,0,0,1,32767,12370
296,6,1,0,0,0,32767,12376
297,5,0,0,0,1,4493,12387
298,6,1,0,0,0,32767,12393
299,6,1,0,0,0,32767,12400
300,5,0,0,0,1,32767,12406
301,5,0,0,1,0,32767,12412
301,5,0,0,0,1,32767,12415
302,6,1,0,0,0,32767,12489
303,6,1,0,0,0,32767,12496
303,6,0,1,0,0,32767,12497
304,6,1,0,0,0,32767,12515
305,5,0,0,0,1,32767,12521
306,5,0,0,0,1,32767,12527
307,5,0,0,0,1,32767,12534
308,6,0,1,0,0,32767,12540
309,5,0,0,0,1,32767,12548
310,6,1,0,0,0,32767,12554
311,6,1,0,0,0,32767,12560
312,5,0,0,0,1,4523,12567
312,5,0,0,0,1,4525,12568
313,6,1,0,0,0,4546,12690
314,5,0,0,0,1,32767,12696
315,6,1,0,0,0,32767,12702
316,5,0,0,0,1,32767,12711
317,5,0,0,0,1,32767,12718
318,6,1,0,0,0,32767,12724
319,6,1,0,0,0,32767,12731
320,6,1,0,0,0,32767,12737
321,5,0,0,0,1,4550,12743
322,6,1,0,0,0,4556,12750
323,6,1,0,0,0,32767,12756
324,5,0,0,0,1,32767,12762
325,5,0,0,0,1,32767,12769
326,5,0,0,0,1,32767,12775
327,5,0,0,0,1,32767,12781
328,6,1,0,0,0,32767,12788
329,6,1,0,0,0,32767,12794
330,5,0,0,0,1,4563,12807
331,5,0,0,0,1,32767,12813
332,5,0,0,0,1,32767,12820
333,6,1,0,0,0,32767,12834
334,5,0,0,0,1,32767,12843
335,6,1,0,0,0,32767,12850
336,5,0,0,0,1,32767,12858
336,6,0,1,0,0,32767,12887
337,6,1,0,0,0,508,13051
338,6,1,0,0,0,5014,13057
339,5,0,0,0,1,5021,13064
340,5,0,0,0,1,5027,13070
340,6,0,1,0,0,5028,13071
341,5,0,0,1,0,5057,13100
342,6,1,0,0,0,513,13107
343,5,0,0,0,1,519,13113
344,6,1,0,0,0,5116,13119
345,5,0,0,0,1,5124,13127
346,6,1,0,0,0,5130,13134
347,5,0,0,0,1,5141,13144
347,6,0,1,0,0,5142,13145
348,6,1,0,0,0,537,13230
349,5,0,0,0,1,5313,13237
350,5,0,0,0,1,5320,13243
351,6,1,0,0,0,5326,13249
352,6,1,0,0,0,5333,13256
353,5,0,0,0,1,5340,13263
354,5,0,0,0,1,5346,13269
355,6,1,0,0,0,5353,13276
355,6,0,1,0,0,5354,13277
356,5,0,0,1,0,32767,13662
357,5,0,0,0,1,32767,13669
358,5,0,0,0,1,32767,13676
359,6,1,0,0,0,32767,13691
360,5,0,0,0,1,32767,13698
361,6,1,0,0,0,5113,13707
362,6,1,0,0,0,32767,13713
363,6,1,0,0,0,32767,13719
364,5,0,0,0,1,32767,13726
365,5,0,0,0,1,32767,13732
366,6,1,0,0,0,32767,13738
367,6,1,0,0,0,32767,13746
368,5,0,0,0,1,32767,13752
369,5,0,0,0,1,32767,13759
370,5,0,0,0,1,5122,13765
371,6,1,0,0,0,32767,13785
372,5,0,0,0,1,32767,13791
373,6,1,0,0,0,32767,13798
374,6,1,0,0,0,32767,13804
375,5,0,0,0,1,32767,13810
376,6,1,0,0,0,32767,13817
377,5,0,0,0,1,5130,13823
378,6,1,0,0,0,5136,13829
379,6,1,0,0,0,32767,13836
380,5,0,0,0,1,32767,13842
381,5,0,0,0,1,32767,13848
382,5,0,0,0,1,32767,13866
383,6,1,0,0,0,32767,13873
384,5,0,0,0,1,32767,13879
385,6,1,0,0,0,5142,13885
386,5,0,0,0,1,5148,13892
387,5,0,0,0,1,32767,13898
388,6,1,0,0,0,32767,13904
389,6,1,0,0,0,32767,13910
390,5,0,0,0,1,32767,13917
391,5,0,0,0,1,32767,13923
392,6,1,0,0,0,32767,13930
392,5,0,0,0,1,32767,13931
393,6,1,0,0,0,32767,13991
394,5,0,0,0,1,32767,13997
395,6,1,0,0,0,5161,14004
396,6,1,0,0,0,5167,14011
397,6,1,0,0,0,32767,14017
398,5,0,0,0,1,32767,14023
399,5,0,0,0,1,32767,14030
400,6,1,0,0,0,32767,14036
401,6,1,0,0,0,32767,14042
402,5,0,0,0,1,32767,14051
403,6,1,0,0,0,32767,14057
404,5,0,0,0,1,5170,14063
405,5,0,0,0,1,5176,14070
406,5,0,0,0,1,32767,14076
407,6,1,0,0,0,32767,14082
408,6,1,0,0,0,32767,14089
409,5,0,0,0,1,32767,14095
410,5,0,0,0,1,32767,14102
411,6,1,0,0,0,5196,14189
411,5,0,0,0,1,5197,14190
412,5,0,0,0,1,32767,15669
413,6,1,0,0,0,32767,15676
414,6,1,0,0,0,32767,15682
415,6,1,0,0,0,5446,15689
416,5,0,0,0,1,32767,15700
417,5,0,0,0,1,32767,15707
418,6,1,0,0,0,32767,15713
419,5,0,0,0,1,32767,15719
420,5,0,0,0,1,32767,15726
421,6,1,0,0,0,32767,15732
422,6,1,0,0,0,32767,15738
423,6,1,0,0,0,5451,15745
424,5,0,0,0,1,5458,15751
425,5,0,0,0,1,32767,15757
426,6,1,0,0,0,32767,15764
427,5,0,0,0,1,32767,15770
428,6,1,0,0,0,32767,15834
429,6,1,0,0,0,32767,15840
430,6,1,0,0,0,32767,15847
431,5,0,0,0,1,32767,15853
432,6,1,0,0,0,32767,15859
433,5,0,0,0,1,5474,15867
434,6,1,0,0,0,32767,15878
435,6,1,0,0,0,32767,15886
436,5,0,0,0,1,32767,15892
437,6,1,0,0,0,32767,15898
438,6,1,0,0,0,32767,15905
439,5,0,0,0,1,32767,15911
440,5,0,0,0,1,32767,15917
441,5,0,0,0,1,5480,15924
442,6,1,0,0,0,5487,15930
443,6,1,0,0,0,32767,15936
444,5,0,0,0,1,32767,15947
445,6,1,0,0,0,32767,15953
446,6,1,0,0,0,32767,15960
447,5,0,0,0,1,32767,15970
448,5,0,0,0,1,32767,15977
449,5,0,0,0,1,5490,15983
450,6,1,0,0,0,32767,16005
450,6,0,1,0,0,32767,16008
451,5,0,0,0,1,32767,16039
452,5,0,0,0,1,5502,16045
453,6,1,0,0,0,5508,16051
454,5,0,0,0,1,32767,16058
455,5,0,0,0,1,32767,16064
456,5,0,0,0,1,32767,16070
457,6,1,0,0,0,32767,16077
458,6,1,0,0,0,32767,16087
459,5,0,0,0,1,32767,16095
460,6,1,0,0,0,5519,16112
460,6,0,1,0,0,32767,16119
461,6,1,0,0,0,5542,16285
462,5,0,0,0,1,5548,16291
463,5,0,0,0,1,32767,16298
464,6,1,0,0,0,32767,16304
465,5,0,0,0,1,32767,16310
466,6,1,0,0,0,32767,16317
467,5,0,0,0,1,32767,16323
468,6,1,0,0,0,32767,16329
469,5,0,0,0,1,32767,16337
470,6,1,0,0,0,5551,16344
471,5,0,0,0,1,5557,16350
472,5,0,0,1,0,32767,16364
472,6,0,1,0,0,32767,16369
473,6,1,0,0,0,32767,16500
474,6,1,0,0,0,32767,16507
475,5,0,0,0,1,32767,16513
476,5,0,0,0,1,32767,16520
477,6,1,0,0,0,5583,16526
478,6,1,0,0,0,5589,16532
479,5,0,0,0,1,32767,16539
480,5,0,0,0,1,32767,16545
481,6,1,0,0,0,32767,16555
482,6,1,0,0,0,32767,16562
483,5,0,0,0,1,32767,16571
483,6,0,1,0,0,32767,16572
484,6,1,0,0,0,32767,16642
485,6,1,0,0,0,606,16649
486,5,0,0,0,1,6014,16658
487,6,1,0,0,0,6021,16664
488,6,1,0,0,0,6029,16673
489,6,1,0,0,0,6037,16680
490,5,0,0,0,1,6045,16689
491,6,1,0,0,0,6052,16695
492,5,0,0,0,1,6058,16701
492,5,0,0,0,1,6059,16702
493,5,0,0,0,1,647,16890
494,5,0,0,0,1,6413,16896
495,6,1,0,0,0,6423,16906
496,6,1,0,0,0,6429,16912
497,5,0,0,0,1,6435,16919
498,5,0,0,0,1,6455,16938
499,6,1,0,0,0,6642,17045
500,5,0,0,0,1,6648,17051
501,5,0,0,0,1,6657,17060
502,6,1,0,0,0,673,17066
503,6,1,0,0,0,6710,17073
504,6,1,0,0,0,6716,17079
505,5,0,0,0,1,6722,17086
506,5,0,0,0,1,6747,17110
507,5,0,0,0,1,6753,17116
508,6,1,0,0,0,6759,17123
509,5,0,0,0,1,686,17129
510,6,1,0,0,0,6831,17155
511,6,1,0,0,0,6838,17161
512,5,0,0,0,1,6844,17167
513,5,0,0,0,1,6850,17174
514,5,0,0,0,1,6857,17180
515,6,1,0,0,0,32767,17299
515,6,0,1,0,0,32767,17300
516,6,1,0,0,0,32767,17932
517,5,0,0,0,1,32767,17938
518,6,1,0,0,0,32767,18190
518,5,0,0,0,1,32767,18193
519,6,1,0,0,0,32767,18494
520,6,1,0,0,0,32767,18500
521,6,1,0,0,0,6313,18506
522,5,0,0,0,1,6319,18513
523,5,0,0,0,1,32767,18519
524,6,1,0,0,0,6336,18629
524,6,0,1,0,0,6338,18631
525,5,0,0,0,1,32767,19144
526,6,1,0,0,0,32767,19155
527,5,0,0,0,1,32767,19162
528,6,1,0,0,0,32767,19173
528,6,0,1,0,0,32767,19174
529,5,0,0,0,1,7137,20340
530,5,0,0,0,1,7144,20347
531,6,1,0,0,0,7158,20361
532,6,1,0,0,0,724,20367
533,5,0,0,0,1,7211,20374
534,5,0,0,0,1,7217,20380
535,5,0,0,0,1,7231,20394
536,6,1,0,0,0,7242,20405
537,6,1,0,0,0,7249,20412
538,5,0,0,0,1,7257,20421
539,5,0,0,0,1,734,20427
540,6,1,0,0,0,7758,20721
540,6,0,1,0,0,7759,20722
541,6,1,0,0,0,32767,21077
542,6,1,0,0,0,7143,21086
543,5,0,0,0,1,32767,21095
544,6,1,0,0,0,32767,21101
545,6,1,0,0,0,32767,21107
546,5,0,0,0,1,32767,21114
547,5,0,0,0,1,32767,21123
547,6,0,1,0,0,32767,21125
548,6,1,0,0,0,32767,21523
549,6,1,0,0,0,32767,21530
550,5,0,0,0,1,32767,21536
551,5,0,0,0,1,32767,21542
552,6,1,0,0,0,32767,21559
553,6,1,0,0,0,7222,21566
554,5,0,0,0,1,7229,21572
555,6,1,0,0,0,32767,21579
556,5,0,0,0,1,32767,21591
557,5,0,0,0,1,32767,21680
557,6,0,1,0,0,7240,21683
558,6,1,0,0,0,32767,22125
559,6,1,0,0,0,32767,22131
560,5,0,0,0,1,32767,22137
561,5,0,0,0,1,32767,22144
562,6,1,0,0,0,32767,22150
563,5,0,0,0,1,32767,22157
564,5,0,0,0,1,7324,22168
565,5,0,0,0,1,32767,22174
566,6,1,0,0,0,32767,22182
567,6,1,0,0,0,32767,22189
568,5,0,0,0,1,32767,22200
568,5,0,0,0,1,32767,22211
569,5,0,0,0,1,32767,22259
570,6,1,0,0,0,32767,22266
571,5,0,0,0,1,32767,22273
572,6,1,0,0,0,7340,22283
573,6,1,0,0,0,7346,22289
574,5,0,0,0,1,32767,22295
575,5,0,0,0,1,32767,22302
576,5,0,0,0,1,32767,22308
577,6,1,0,0,0,32767,22314
578,6,1,0,0,0,32767,22321
579,5,0,0,0,1,32767,22327
580,6,1,0,0,0,32767,22385
580,5,0,0,0,1,32767,22392
581,5,0,0,0,1,32767,22419
582,5,0,0,0,1,32767,22426
583,6,1,0,0,0,32767,22438
584,6,1,0,0,0,32767,22447
585,6,1,0,0,0,32767,22456
586,5,0,0,0,1,32767,22462
587,5,0,0,0,1,7377,22471
588,5,0,0,0,1,7438,22831
589,6,1,0,0,0,32767,22837
590,5,0,0,0,1,32767,22844
591,6,1,0,0,0,32767,22853
592,6,1,0,0,0,32767,22860
593,6,1,0,0,0,32767,22867
594,5,0,0,0,1,32767,22873
595,5,0,0,0,1,32767,22938
596,6,1,0,0,0,7451,22944
597,6,1,0,0,0,7457,22951
598,5,0,0,0,1,32767,22957
599,6,1,0,0,0,32767,22978
600,5,0,0,0,1,32767,22984
601,6,1,0,0,0,32767,22990
602,5,0,0,0,1,32767,22997
603,5,0,0,0,1,7460,23003
604,6,1,0,0,0,32767,23338
605,5,0,0,0,1,32767,23344
606,6,1,0,0,0,32767,23384
607,5,0,0,0,1,32767,23391
608,5,0,0,0,1,32767,23397
609,5,0,0,0,1,32767,23403
610,6,1,0,0,0,32767,23507
611,5,0,0,0,1,32767,23514
612,6,1,0,0,0,32767,23521
613,5,0,0,0,1,32767,23527
614,6,1,0,0,0,32767,23722
615,6,1,0,0,0,7587,23731
616,5,0,0,0,1,32767,23737
617,5,0,0,0,1,32767,23743
618,6,1,0,0,0,32767,23777
619,6,1,0,0,0,7590,23783
620,5,0,0,0,1,7597,23790
621,6,1,0,0,0,800,23843
621,6,0,1,0,0,801,23844
622,6,1,0,0,0,8543,24186
623,5,0,0,0,1,8549,24193
624,6,1,0,0,0,8643,24246
624,6,0,1,0,0,8644,24247
625,5,0,0,0,1,32767,24817
626,5,0,0,1,0,32767,24824
627,6,1,0,0,0,32767,24831
628,6,1,0,0,0,32767,24837
629,5,0,0,0,1,32767,24844
630,5,0,0,0,1,32767,24851
631,5,0,0,0,1,32767,24859
632,6,1,0,0,0,8173,24866
633,6,1,0,0,0,8179,24872
634,5,0,0,0,1,32767,24879
635,6,1,0,0,0,32767,24982
635,6,0,1,0,0,8190,24983
636,5,0,0,0,1,32767,25054
637,6,1,0,0,0,32767,25061
638,5,0,0,0,1,32767,25067
639,6,1,0,0,0,32767,25073
640,6,1,0,0,0,32767,25080
641,5,0,0,0,1,32767,25087
642,5,0,0,0,1,32767,25259
643,5,0,0,0,1,32767,25266
644,6,1,0,0,0,32767,26031
644,6,0,1,0,0,32767,26061
645,6,1,0,0,0,32767,26079
646,5,0,0,0,1,32767,26086
647,6,1,0,0,0,32767,26093
648,5,0,0,0,1,32767,26100
649,5,0,0,0,1,32767,26283
649,6,0,1,0,0,32767,26292
650,5,0,0,0,1,32767,26837
651,5,0,0,0,1,32767,26865
651,6,0,1,0,0,32767,26878
652,5,0,0,0,1,32767,26891
653,5,0,0,0,1,9643,27846
653,5,0,0,0,1,9649,27852
654,5,0,0,0,1,10274,32667
655,6,1,0,0,0,10295,32767
655,5,0,0,0,1,32767,32767
656,5,0,0,0,1,32767,32767
657,5,0,0,0,1,32767,32767
658,6,1,0,0,0,11140,32767
658,6,0,1,0,0,11419,32767
659,6,1,0,0,0,32767,32767
660,5,0,0,0,1,32767,32767
661,6,1,0,0,0,32767,32767
662,5,0,0,0,1,32767,32767
663,6,1,0,0,0,32767,32767
664,6,1,0,0,0,11162,32767
665,5,0,0,0,1,11169,32767
666,6,1,0,0,0,32767,32767
667,5,0,0,0,1,11172,32767
668,6,1,0,0,0,32767,32767
669,6,1,0,0,0,32767,32767
670,5,0,0,0,1,32767,32767
671,5,0,0,0,1,32767,32767
672,6,1,0,0,0,32767,32767
673,6,1,0,0,0,11326,32767
674,5,0,0,0,1,32767,32767
675,5,0,0,0,1,32767,32767
676,5,0,0,0,1,32767,32767
677,6,1,0,0,0,32767,32767
678,5,0,0,0,1,32767,32767
679,6,1,0,0,0,32767,32767
680,6,1,0,0,0,32767,32767
681,5,0,0,0,1,32767,32767
682,6,1,0,0,0,32767,32767
683,5,0,0,0,1,32767,32767
684,5,0,0,0,1,32767,32767
684,6,0,1,0,0,32767,32767
685,6,1,0,0,0,12315,32767
686,6,1,0,0,0,12324,32767
687,5,0,0,0,1,12333,32767
688,5,0,0,0,1,32767,32767
688,5,0,0,0,1,32767,32767
689,5,0,0,0,1,13276,3031
690,6,1,0,0,0,32767,3182
691,6,1,0,0,0,32767,3492
692,6,1,0,0,0,32767,3498
693,6,1,0,0,0,13352,3507
694,5,0,0,0,1,13358,3513
695,5,0,0,0,1,32767,3519
696,6,1,0,0,0,32767,3526
697,5,0,0,0,1,32767,3532
698,6,1,0,0,0,32767,3789
699,6,1,0,0,0,32767,3797
700,5,0,0,0,1,13402,3806
701,5,0,0,0,1,32767,3814
702,6,1,0,0,0,32767,3897
703,5,0,0,0,1,13588,4892
704,6,1,0,0,0,32767,4982
705,6,1,0,0,0,14023,5027
705,6,0,1,0,0,14052,5056
706,5,0,0,0,1,1415,5069
707,5,0,0,0,1,14151,5115
707,5,0,0,0,1,14155,5119
708,6,1,0,0,0,32767,5690
709,6,1,0,0,0,32767,5697
710,6,1,0,0,0,32767,5704
711,6,1,0,0,0,32767,5712
712,5,0,0,0,1,32767,5719
713,5,0,0,0,1,14121,5725
714,5,0,0,0,1,32767,5734
715,5,0,0,0,1,32767,5743
716,6,1,0,0,0,32767,5750
716,5,0,0,0,1,32767,5752
717,6,1,0,0,0,32767,9694
718,5,0,0,0,1,32767,9836
718,6,0,1,0,0,32767,9837
719,6,1,0,0,0,32767,16461
719,6,0,1,0,0,32767,16462
720,6,1,0,0,0,32767,17355
721,5,0,0,0,1,32767,17361
722,5,0,0,1,0,17265,17369
723,6,1,0,0,0,32767,17375
724,6,1,0,0,0,32767,17381
725,5,0,0,0,1,32767,17388
726,6,1,0,0,0,32767,17590
727,5,0,0,0,1,32767,17597
728,6,1,0,0,0,32767,17603
729,6,1,0,0,0,17306,17610
730,5,0,0,0,1,32767,17617
731,5,0,0,0,1,32767,17623
732,5,0,0,0,1,32767,17630
733,6,1,0,0,0,32767,17636
734,6,1,0,0,0,32767,17643
735,5,0,0,0,1,32767,17649
736,5,0,0,0,1,18515,22469
736,6,0,1,0,0,32767,22579
737,6,1,0,0,0,32767,25778
738,5,0,0,0,1,32767,25784
739,6,1,0,0,0,32767,25796
740,5,0,0,0,1,32767,25805
741,5,0,0,0,1,20411,29065
741,6,0,1,0,0,20454,29308
742,6,1,0,0,0,22142,32767
743,5,0,0,0,1,22149,32767
744,5,0,0,0,1,32767,32767
744,5,0,0,0,1,32767,32767
745,6,1,0,0,0,32767,32767
745,6,0,1,0,0,32767,32767
746,6,1,0,0,0,32767,32767
747,6,1,0,0,0,32767,32767
748,5,0,0,0,1,32767,32767
749,6,1,0,0,0,32767,32767
750,6,1,0,0,0,22191,32767
751,5,0,0,0,1,22199,32767
752,6,1,0,0,0,32767,32767
753,6,1,0,0,0,32767,32767
754,6,1,0,0,0,32767,32767
755,5,0,0,0,1,32767,32767
756,6,1,0,0,0,32767,32767
757,5,0,0,0,1,32767,32767
758,6,1,0,0,0,32767,32767
758,5,0,0,0,1,32767,32767
759,5,0,0,0,1,32767,32767
760,5,0,0,0,1,32767,32767
761,6,1,0,0,0,32767,32767
762,5,0,0,0,1,32767,32767
763,5,0,0,0,1,32767,32767
764,6,1,0,0,0,32767,32767
765,6,1,0,0,0,32767,32767
766,6,1,0,0,0,32767,32767
767,5,0,0,0,1,32767,32767
768,5,0,0,0,1,22350,32767
769,6,1,0,0,0,22358,32767
770,6,1,0,0,0,32767,32767
771,6,1,0,0,0,32767,32767
772,5,0,0,0,1,32767,32767
773,5,0,0,0,1,32767,32767
774,5,0,0,0,1,22366,32767
775,5,0,0,0,1,32767,32767
776,6,1,0,0,0,32767,32767
777,6,1,0,0,0,32767,32767
778,5,0,0,0,1,32767,32767
779,5,0,0,0,1,32767,32767
780,6,1,0,0,0,32767,32767
781,6,1,0,0,0,32767,32767
782,6,1,0,0,0,22399,32767
783,6,1,0,0,0,32767,32767
784,5,0,0,0,1,32767,32767
785,5,0,0,0,1,32767,32767
786,6,1,0,0,0,22402,32767
787,6,1,0,0,0,22409,32767
788,5,0,0,0,1,32767,32767
789,5,0,0,0,1,32767,32767
790,6,1,0,0,0,32767,32767
791,6,1,0,0,0,32767,32767
792,6,1,0,0,0,32767,32767
793,5,0,0,0,1,32767,32767
794,5,0,0,0,1,32767,32767
795,5,0,0,0,1,32767,32767
796,6,1,0,0,0,32767,32767
797,6,1,0,0,0,32767,32767
798,5,0,0,0,1,32767,32767
799,5,0,0,0,1,32767,32767
800,6,1,0,0,0,23116,32767
801,6,1,0,0,0,23122,32767
802,5,0,0,0,1,23129,32767
803,5,0,0,0,1,23139,32767
804,6,1,0,0,0,23145,32767
805,6,1,0,0,0,23152,32767
806,6,1,0,0,0,23159,32767
807,6,1,0,0,0,2326,32767
808,5,0,0,0,1,23212,32767
809,5,0,0,0,1,23218,32767
810,6,1,0,0,0,23227,32767
811,6,1,0,0,0,23233,32767
812,5,0,0,0,1,23240,32767
813,5,0,0,0,1,2337,32767
814,6,1,0,0,0,23313,32767
815,6,1,0,0,0,23320,32767
816,5,0,0,0,1,23326,32767
817,6,1,0,0,0,23334,32767
818,5,0,0,0,1,23340,32767
819,6,1,0,0,0,23347,32767
820,5,0,0,0,1,23353,32767
821,6,1,0,0,0,23459,32767
822,5,0,0,0,1,2355,32767
823,5,0,0,0,1,23516,32767
824,5,0,0,0,1,23730,32767
825,6,1,0,0,0,23199,32767
825,6,0,1,0,0,32767,32767
826,6,1,0,0,0,32767,32767
827,5,0,0,0,1,32767,32767
828,6,1,0,0,0,32767,32767
829,5,0,0,0,1,32767,32767
830,5,0,0,0,1,32767,32767
831,6,1,0,0,0,32767,32767
832,5,0,0,0,1,32767,32767
833,6,1,0,0,0,32767,32767
834,6,1,0,0,0,32767,32767
835,6,1,0,0,0,32767,32767
836,5,0,0,1,0,32767,32767
837,5,0,0,0,1,32767,32767
838,6,1,0,0,0,23264,32767
839,5,0,0,0,1,32767,32767
840,6,1,0,0,0,32767,32767
840,5,0,0,0,1,32767,32767
841,6,1,0,0,0,5215,32767
842,5,0,0,0,1,1659,32767
842,6,0,1,0,0,173,32767
843,6,1,0,0,0,1231,32767
844,6,1,0,0,0,1239,32767
845,6,1,0,0,0,12317,32767
846,5,0,0,0,1,12323,32767
847,5,0,0,0,1,12346,32767
847,6,0,1,0,0,12413,32767
848,5,0,0,0,1,1281,32767
849,5,0,0,0,1,12812,32767
850,6,1,0,0,0,12818,32767
851,5,0,0,0,1,12824,32767
852,6,1,0,0,0,1291,32767
852,5,0,0,0,1,1297,32767
853,6,1,0,0,0,13658,32767
854,5,0,0,0,1,1375,32767
855,6,1,0,0,0,13711,32767
856,5,0,0,0,1,13718,32767
857,6,1,0,0,0,13725,32767
858,5,0,0,0,1,13735,32767
858,5,0,0,0,1,13756,32767
859,6,1,0,0,0,13932,32767
860,5,0,0,0,1,13939,32767
861,6,1,0,0,0,13946,32767
862,5,0,0,0,1,13952,32767
863,5,0,0,0,1,13959,32767
864,6,1,0,0,0,14055,32767
865,6,1,0,0,0,1412,32767
866,6,1,0,0,0,1418,32767
867,5,0,0,0,1,14114,32767
868,5,0,0,0,1,14121,32767
869,5,0,0,0,1,14127,32767
870,6,1,0,0,0,14133,32767
871,6,1,0,0,0,14139,32767
872,5,0,0,0,1,14146,32767
873,6,1,0,0,0,14158,32767
873,6,0,1,0,0,1423,32767
874,6,1,0,0,0,15721,32767
875,6,1,0,0,0,15730,32767
876,5,0,0,0,1,15737,32767
877,5,0,0,0,1,15744,32767
878,5,0,0,0,1,1430,32767
879,5,0,0,0,1,1548,32767
879,6,0,1,0,0,11539,32767
880,5,0,0,0,1,12349,32767
881,6,1,0,0,0,12355,32767
882,5,0,0,0,1,1241,32767
883,5,0,0,0,1,1248,32767
884,6,1,0,0,0,13845,32767
884,6,0,1,0,0,13848,32767
885,6,1,0,0,0,21644,32767
886,5,0,0,0,1,2174,32767
886,6,0,1,0,0,2182,32767
887,5,0,0,0,1,21814,32767
888,5,0,0,0,1,21826,32767
889,6,1,0,0,0,21842,32767
890,6,1,0,0,0,21848,32767
891,5,0,0,0,1,21855,32767
892,5,0,0,0,1,2204,32767
893,6,1,0,0,0,22030,32767
893,5,0,0,0,1,22043,32767
894,6,1,0,0,0,22057,32767
895,6,1,0,0,0,2215,32767
896,5,0,0,0,1,22111,32767
897,6,1,0,0,0,24110,32767
898,6,1,0,0,0,24123,32767
899,6,1,0,0,0,24130,32767
900,5,0,0,0,1,24143,32767
901,6,1,0,0,0,3335,32767
901,5,0,0,0,1,3422,32767
902,6,1,0,0,0,32767,32767
903,6,1,0,0,0,32767,32767
904,6,1,0,0,0,32767,32767
905,5,0,0,0,1,3290,32767
906,6,1,0,0,0,32767,32767
907,5,0,0,0,1,32767,32767
908,6,1,0,0,0,32767,32767
909,6,1,0,0,0,32767,32767
910,5,0,0,0,1,32767,32767
910,5,0,0,0,1,32767,32767
911,5,0,0,0,1,32767,32767
912,6,1,0,0,0,32767,32767
913,6,1,0,0,0,32767,32767
914,5,0,0,0,1,32767,32767
915,6,1,0,0,0,32767,32767
916,6,1,0,0,0,3345,32767
917,6,1,0,0,0,32767,32767
918,5,0,0,0,1,32767,32767
919,5,0,0,0,1,32767,32767
920,6,1,0,0,0,32767,32767
921,6,1,0,0,0,32767,32767
922,5,0,0,0,1,32767,32767
923,6,1,0,0,0,3356,32767
924,5,0,0,0,1,32767,32767
924,5,0,0,0,1,32767,32767
925,5,0,0,0,1,32767,32767
926,6,1,0,0,0,32767,32767
927,6,1,0,0,0,32767,32767
927,6,0,1,0,0,32767,32767
928,5,0,0,0,1,32767,32767
929,5,0,0,0,1,32767,32767
930,6,1,0,0,0,32767,32767
931,5,0,0,0,1,32767,32767
932,5,0,0,0,1,32767,32767
933,6,1,0,0,0,32767,32767
934,6,1,0,0,0,3406,32767
935,5,0,0,0,1,32767,32767
936,5,0,0,0,1,32767,32767
936,5,0,0,0,1,32767,32767
937,6,1,0,0,0,32767,32767
938,5,0,0,0,1,32767,32767
938,6,0,1,0,0,32767,32767
939,5,0,0,0,1,32767,32767
940,6,1,0,0,0,3536,32767
941,5,0,0,0,1,32767,32767
941,6,0,1,0,0,32767,32767
942,5,0,0,0,1,3553,32767
943,5,0,0,0,1,32767,32767
944,6,1,0,0,0,32767,32767
945,5,0,0,0,1,32767,32767
946,5,0,0,0,1,32767,32767
947,6,1,0,0,0,32767,32767
948,6,1,0,0,0,32767,32767
949,6,1,0,0,0,3560,32767
950,5,0,0,0,1,3567,32767
951,6,1,0,0,0,32767,32767
952,6,1,0,0,0,32767,32767
953,5,0,0,0,1,32767,32767
954,5,0,0,0,1,32767,32767
955,5,0,0,0,1,32767,32767
956,6,1,0,0,0,32767,32767
957,6,1,0,0,0,32767,32767
958,5,0,0,0,1,3574,32767
959,6,1,0,0,0,32767,32767
959,6,0,1,0,0,32767,32767
960,5,0,0,0,1,4250,32767
961,5,0,0,0,1,4257,32767
962,6,1,0,0,0,433,32767
963,6,1,0,0,0,4310,32767
964,6,1,0,0,0,4318,32767
965,5,0,0,0,1,4325,32767
966,5,0,0,0,1,4334,32767
966,6,0,1,0,0,4428,32767
967,5,0,0,0,1,4450,32767
968,5,0,0,0,1,4458,32767
969,5,0,0,0,1,4535,32767
969,6,0,1,0,0,4544,32767
970,5,0,0,0,1,4730,32767
971,5,0,0,0,1,4739,32767
972,5,0,0,0,1,4746,32767
973,5,0,0,0,1,4752,32767
974,6,1,0,0,0,32767,32767
974,6,0,1,0,0,32767,32767
975,6,1,0,0,0,32767,32767
976,5,0,0,0,1,32767,32767
976,6,0,1,0,0,4141,32767
977,5,0,0,0,1,4158,32767
978,6,1,0,0,0,32767,32767
979,6,1,0,0,0,32767,32767
980,5,0,0,0,1,32767,32767
981,5,0,0,0,1,32767,32767
982,6,1,0,0,0,32767,32767
983,5,0,0,0,1,32767,32767
984,5,0,0,0,1,32767,32767
984,5,0,0,0,1,32767,32767
985,5,0,0,0,1,32767,32767
986,6,1,0,0,0,32767,32767
987,6,1,0,0,0,32767,32767
988,5,0,0,0,1,32767,32767
989,5,0,0,0,1,32767,32767
989,5,0,0,0,1,32767,32767
990,6,1,0,0,0,32767,32767
991,5,0,0,0,1,32767,32767
992,6,1,0,0,0,32767,32767
993,6,1,0,0,0,4262,32767
994,6,1,0,0,0,4268,32767
995,5,0,0,0,1,32767,32767
996,5,0,0,0,1,32767,32767
997,6,1,0,0,0,32767,32767
998,6,0,1,0,0,4275,32767
998,5,0,0,0,1,4278,32767
999,6,1,0,0,0,32767,32767
1000,5,0,0,0,1,32767,32767
1001,6,1,0,0,0,32767,32767
1002,6,1,0,0,0,32767,32767
1003,5,0,0,0,1,32767,32767
1004,6,1,0,0,0,32767,32767
1005,5,0,0,0,1,32767,32767
1006,6,1,0,0,0,4330,32767
1007,5,0,0,0,1,4337,32767
1008,6,1,0,0,0,32767,32767
1009,5,0,0,0,1,32767,32767
1010,6,1,0,0,0,32767,32767
1011,6,1,0,0,0,32767,32767
1012,5,0,0,0,1,4345,32767
1012,5,0,0,0,1,4349,32767
1013,5,0,0,0,1,32767,32767
1014,6,1,0,0,0,32767,32767
1015,6,1,0,0,0,32767,32767
1016,6,1,0,0,0,32767,32767
1017,5,0,0,0,1,32767,32767
1018,5,0,0,0,1,32767,32767
1019,6,1,0,0,0,32767,32767
1020,6,1,0,0,0,4361,32767
1021,5,0,0,0,1,32767,32767
1022,5,0,0,0,1,32767,32767
1023,6,1,0,0,0,32767,32767
1024,6,1,0,0,0,32767,32767
1025,5,0,0,0,1,32767,32767
1026,6,1,0,0,0,32767,32767
1026,6,0,1,0,0,32767,32767
1027,5,0,0,0,1,32767,32767
1028,5,0,0,0,1,32767,32767
1029,5,0,0,0,1,32767,32767
1030,6,1,0,0,0,32767,32767
1031,6,1,0,0,0,32767,32767
1032,5,0,0,0,1,32767,32767
1033,5,0,0,0,1,4392,32767
1034,5,0,0,0,1,32767,32767
1034,6,0,1,0,0,32767,32767
1035,5,0,0,0,1,32767,32767
1035,6,0,1,0,0,32767,32767
1036,6,1,0,0,0,32767,32767
1037,5,0,0,0,1,32767,32767
1038,5,0,0,0,1,32767,32767
1039,6,1,0,0,0,32767,32767
1039,5,0,0,0,1,32767,32767
1040,5,0,0,0,1,32767,32767
1041,5,0,0,0,1,32767,32767
1042,5,0,0,0,1,32767,32767
1043,6,1,0,0,0,32767,32767
1044,5,0,0,0,1,32767,32767
1045,6,1,0,0,0,4506,32767
1046,5,0,0,0,1,32767,32767
1047,5,0,0,0,1,32767,32767
1048,6,1,0,0,0,32767,32767
1048,5,0,0,0,1,32767,32767
1049,6,1,0,0,0,527,32767
1049,6,0,1,0,0,528,32767
1050,6,1,0,0,0,32767,32767
1051,5,0,0,0,1,32767,32767
1052,5,0,0,0,1,32767,32767
1053,5,0,0,0,1,5204,32767
1053,6,0,1,0,0,32767,32767
1054,6,1,0,0,0,32767,32767
1055,5,0,0,0,1,32767,32767
1056,5,0,0,0,1,5240,32767
1057,6,1,0,0,0,5246,32767
1058,5,0,0,0,1,32767,32767
1058,5,0,0,0,1,32767,32767
1059,6,1,0,0,0,5269,32767
1060,6,1,0,0,0,32767,32767
1061,6,1,0,0,0,32767,32767
1062,5,0,0,0,1,32767,32767
1063,5,0,0,0,1,32767,32767
1063,6,0,1,0,0,32767,32767
1064,6,1,0,0,0,32767,32767
1065,6,1,0,0,0,32767,32767
1066,5,0,0,0,1,32767,32767
1067,5,0,0,0,1,32767,32767
1068,6,1,0,0,0,32767,32767
1069,5,0,0,0,1,32767,32767
1070,6,1,0,0,0,32767,32767
1071,6,1,0,0,0,32767,32767
1071,5,0,0,0,1,32767,32767
1072,6,1,0,0,0,5347,32767
1073,5,0,0,0,1,32767,32767
1074,5,0,0,0,1,32767,32767
1075,6,1,0,0,0,32767,32767
1076,5,0,0,0,1,32767,32767
1077,6,1,0,0,0,32767,32767
1078,5,0,0,0,1,32767,32767
1079,6,1,0,0,0,32767,32767
1080,5,0,0,0,1,5351,32767
1081,5,0,0,0,1,5357,32767
1082,6,1,0,0,0,32767,32767
1082,6,0,1,0,0,32767,32767
1083,5,0,0,0,1,32767,32767
1084,5,0,0,0,1,32767,32767
1085,6,1,0,0,0,5375,32767
1086,6,1,0,0,0,32767,32767
1086,5,0,0,0,1,32767,32767
1087,5,0,0,0,1,32767,32767
1088,5,0,0,0,1,5381,32767
1089,6,1,0,0,0,5389,32767
1090,6,1,0,0,0,32767,32767
1091,5,0,0,0,1,32767,32767
1091,6,0,1,0,0,32767,32767
1092,5,0,0,0,1,32767,32767
1093,6,1,0,0,0,5391,32767
1094,6,1,0,0,0,5397,32767
1095,5,0,0,0,1,32767,32767
1096,5,0,0,0,1,32767,32767
1097,6,1,0,0,0,32767,32767
1098,6,1,0,0,0,32767,32767
1099,5,0,0,0,1,32767,32767
1100,5,0,0,0,1,5401,32767
1101,6,1,0,0,0,5409,32767
1101,5,0,0,0,1,32767,32767
1102,6,1,0,0,0,5416,32767
1103,6,1,0,0,0,32767,32767
1103,6,0,1,0,0,32767,32767
1104,5,0,0,0,1,32767,32767
1105,6,0,1,0,0,32767,32767
1105,5,0,0,0,1,32767,32767
1106,6,1,0,0,0,32767,32767
1107,6,1,0,0,0,32767,32767
1108,5,0,0,0,1,32767,32767
1109,6,1,0,0,0,32767,32767
1110,5,0,0,0,1,32767,32767
1111,5,0,0,0,1,5441,32767
1112,6,1,0,0,0,5447,32767
1113,5,0,0,0,1,32767,32767
1114,5,0,0,0,1,32767,32767
1115,6,1,0,0,0,32767,32767
1116,6,1,0,0,0,32767,32767
1117,5,0,0,0,1,32767,32767
1118,6,1,0,0,0,32767,32767
1119,6,1,0,0,0,5451,32767
1120,5,0,0,0,1,5457,32767
1121,6,1,0,0,0,32767,32767
1122,6,1,0,0,0,32767,32767
1123,5,0,0,0,1,32767,32767
1124,5,0,0,0,1,32767,32767
1125,6,1,0,0,0,32767,32767
1126,6,1,0,0,0,32767,32767
1127,5,0,0,0,1,32767,32767
1128,5,0,0,0,1,5465,32767
1128,6,0,1,0,0,5467,32767
1129,5,0,0,0,1,32767,32767
1130,6,1,0,0,0,32767,32767
1131,5,0,0,0,1,32767,32767
1132,5,0,0,0,1,32767,32767
1133,5,0,0,0,1,32767,32767
1134,6,1,0,0,0,32767,32767
1135,5,0,0,0,1,5503,32767
1136,6,1,0,0,0,32767,32767
1136,5,0,0,0,1,32767,32767
1137,6,1,0,0,0,32767,32767
1138,5,0,0,0,1,32767,32767
1139,6,1,0,0,0,32767,32767
1140,6,1,0,0,0,32767,32767
1141,5,0,0,0,1,32767,32767
1142,5,0,0,0,1,32767,32767
1143,6,1,0,0,0,32767,32767
1144,6,1,0,0,0,5531,32767
1145,5,0,0,0,1,5537,32767
1146,6,1,0,0,0,32767,32767
1147,5,0,0,0,1,32767,32767
1148,6,1,0,0,0,32767,32767
1148,5,0,0,0,1,32767,32767
1149,5,0,0,0,1,5597,32767
1150,6,1,0,0,0,32767,32767
1151,6,1,0,0,0,32767,32767
1152,5,0,0,0,1,32767,32767
1153,5,0,0,0,1,32767,32767
1154,6,1,0,0,0,32767,32767
1155,6,1,0,0,0,32767,32767
1156,6,1,0,0,0,32767,32767
1157,6,1,0,0,0,6016,32767
1157,5,0,0,0,1,6020,32767
1158,5,0,0,0,1,6157,32767
1159,5,0,0,0,1,623,32767
1160,6,1,0,0,0,629,32767
1161,6,1,0,0,0,6216,32767
1162,5,0,0,0,1,6222,32767
1163,5,0,0,0,1,6229,32767
1164,5,0,0,0,1,6356,32767
1164,6,0,1,0,0,6844,32767
1165,5,0,0,0,1,6856,32767
1166,5,0,0,0,1,6959,32767
1167,6,1,0,0,0,6106,32767
1168,6,1,0,0,0,32767,32767
1169,5,0,0,0,1,32767,32767
1170,5,0,0,0,1,32767,32767
1171,6,1,0,0,0,32767,32767
1172,6,1,0,0,0,32767,32767
1173,5,0,0,0,1,32767,32767
1174,5,0,0,0,1,32767,32767
1175,5,0,0,0,1,32767,32767
1176,6,1,0,0,0,6120,32767
1177,5,0,0,0,1,6126,32767
1178,5,0,0,0,1,32767,32767
1179,6,1,0,0,0,32767,32767
1180,6,1,0,0,0,32767,32767
1181,6,1,0,0,0,32767,32767
1182,5,0,0,0,1,32767,32767
1183,6,1,0,0,0,32767,32767
1183,5,0,0,0,1,32767,32767
1184,6,1,0,0,0,32767,32767
1185,5,0,0,0,1,32767,32767
1186,6,1,0,0,0,32767,32767
1187,5,0,0,0,1,6285,32767
1188,5,0,0,0,1,6293,32767
1188,6,0,1,0,0,32767,32767
1189,6,1,0,0,0,6392,32767
1190,5,0,0,0,1,6399,32767
1191,6,1,0,0,0,32767,32767
1192,6,1,0,0,0,32767,32767
1193,6,1,0,0,0,32767,32767
1194,5,0,0,0,1,32767,32767
1195,5,0,0,0,1,32767,32767
1196,6,1,0,0,0,32767,32767
1197,6,1,0,0,0,32767,32767
1198,5,0,0,0,1,6405,32767
1199,6,1,0,0,0,32767,32767
1200,6,1,0,0,0,32767,32767
1201,5,0,0,0,1,32767,32767
1202,5,0,0,0,1,32767,32767
1203,5,0,0,0,1,32767,32767
1203,6,0,1,0,0,6418,32767
1204,5,0,0,0,1,32767,32767
1205,6,1,0,0,0,32767,32767
1205,5,0,0,0,1,32767,32767
1206,6,1,0,0,0,32767,32767
1207,5,0,0,0,1,32767,32767
1208,5,0,0,0,1,32767,32767
1209,6,1,0,0,0,6465,32767
1210,5,0,0,0,1,32767,32767
1211,6,1,0,0,0,32767,32767
1212,6,1,0,0,0,32767,32767
1213,5,0,0,0,1,32767,32767
1214,6,1,0,0,0,32767,32767
1215,6,1,0,0,0,32767,32767
1216,5,0,0,0,1,32767,32767
1217,5,0,0,0,1,32767,32767
1218,5,0,0,0,1,32767,32767
1218,6,0,1,0,0,32767,32767
1219,5,0,0,0,1,32767,32767
1220,6,1,0,0,0,6575,32767
1221,5,0,0,0,1,32767,32767
1221,6,0,1,0,0,32767,32767
1222,5,0,0,0,1,7051,32767
1223,5,0,0,0,1,7059,32767
1224,6,1,0,0,0,7148,32767
1225,5,0,0,0,1,7154,32767
1226,6,1,0,0,0,722,32767
1227,5,0,0,0,1,729,32767
1228,6,1,0,0,0,7215,32767
1229,6,1,0,0,0,7221,32767
1230,5,0,0,0,1,7236,32767
1231,6,1,0,0,0,7243,32767
1232,5,0,0,0,1,7249,32767
1233,6,1,0,0,0,7256,32767
1234,6,1,0,0,0,732,32767
1235,5,0,0,0,1,739,32767
1236,6,1,0,0,0,7315,32767
1237,5,0,0,0,1,7322,32767
1238,6,1,0,0,0,7328,32767
1239,6,0,1,0,0,7334,32767
1240,5,0,0,0,1,7341,32767
1241,5,0,0,0,1,7347,32767
1242,5,0,0,0,1,7355,32767
1243,6,1,0,0,0,741,32767
1244,5,0,0,0,1,748,32767
1245,6,1,0,0,0,7416,32767
1246,5,0,0,0,1,7422,32767
1247,6,1,0,0,0,7429,32767
1248,5,0,0,0,1,7438,32767
1249,6,1,0,0,0,755,32767
1250,6,1,0,0,0,7512,32767
1251,5,0,0,0,1,7518,32767
1252,5,0,0,0,1,7525,32767
1253,6,1,0,0,0,7534,32767
1254,6,1,0,0,0,7540,32767
1255,5,0,0,0,1,7546,32767
1256,5,0,0,0,1,760,32767
1256,6,0,1,0,0,765,32767
1257,5,0,0,0,1,7617,32767
1258,6,1,0,0,0,7623,32767
1259,5,0,0,0,1,7630,32767
1260,5,0,0,0,1,7636,32767
1261,6,1,0,0,0,7642,32767
1262,6,1,0,0,0,7650,32767
1263,5,0,0,0,1,7656,32767
1264,5,0,0,0,1,772,32767
1265,6,1,0,0,0,779,32767
1266,5,0,0,0,1,7715,32767
1267,6,1,0,0,0,7735,32767
1268,5,0,0,0,1,7741,32767
1269,5,0,0,0,1,7748,32767
1270,6,1,0,0,0,7754,32767
1271,5,0,0,0,1,781,32767
1272,6,1,0,0,0,787,32767
1273,6,1,0,0,0,7815,32767
1274,5,0,0,0,1,7823,32767
1275,5,0,0,0,1,7830,32767
1276,6,1,0,0,0,7851,32767
1276,6,0,1,0,0,7854,32767
1277,6,1,0,0,0,32767,32767
1278,5,0,0,0,1,7253,32767
1279,5,0,0,0,1,32767,32767
1280,6,1,0,0,0,32767,32767
1281,6,1,0,0,0,32767,32767
1282,6,1,0,0,0,32767,32767
1283,5,0,0,0,1,32767,32767
1284,5,0,0,0,1,32767,32767
1285,6,1,0,0,0,32767,32767
1286,5,0,0,0,1,7260,32767
1287,6,1,0,0,0,7268,32767
1288,5,0,0,0,1,32767,32767
1289,5,0,0,0,1,32767,32767
1289,6,0,1,0,0,32767,32767
1290,6,1,0,0,0,8535,32767
1290,6,0,1,0,0,8541,32767
1291,5,0,0,0,1,32767,32767
1292,5,0,0,0,1,32767,32767
1292,5,0,0,0,1,32767,32767
1293,5,0,0,0,1,32767,32767
1294,6,1,0,0,0,32767,32767
1294,5,0,0,0,1,32767,32767
1295,5,0,0,0,1,32767,32767
1296,5,0,0,1,0,32767,32767
1296,5,0,0,0,1,32767,32767
1297,6,1,0,0,0,32767,32767
1298,6,1,0,0,0,9579,32767
1299,6,1,0,0,0,32767,32767
1300,6,1,0,0,0,32767,32767
1301,5,0,0,0,1,32767,32767
1302,5,0,0,0,1,32767,32767
1303,5,0,0,0,1,32767,32767
1303,6,0,1,0,0,10030,32767
1304,6,1,0,0,0,10322,32767
1305,5,0,0,0,1,10328,32767
1306,6,1,0,0,0,10357,32767
1306,5,0,0,0,1,10358,32767
1307,5,0,0,0,1,10840,32767
1307,5,0,0,0,1,10950,32767
1308,6,1,0,0,0,10102,32767
1309,6,1,0,0,0,32767,32767
1310,6,1,0,0,0,32767,32767
1311,5,0,0,0,1,32767,32767
1312,5,0,0,0,1,32767,32767
1313,6,1,0,0,0,32767,32767
1313,6,0,1,0,0,32767,32767
1314,6,1,0,0,0,32767,32767
1314,5,0,0,0,1,32767,32767
1315,6,1,0,0,0,32767,32767
1315,5,0,0,0,1,32767,32767
1316,6,1,0,0,0,32767,18
1317,6,1,0,0,0,32767,25
1318,6,1,0,0,0,32767,31
1319,5,0,0,0,1,32767,56
1320,5,0,0,0,1,32767,63
1321,6,1,0,0,0,32767,80
1322,6,1,0,0,0,32767,89
1323,5,0,0,0,1,32767,96
1324,5,0,0,0,1,32767,113
1325,5,0,0,0,1,32767,136
1326,5,0,0,0,1,32767,146
1327,6,1,0,0,0,32767,158
1328,6,1,0,0,0,13262,166
1329,6,1,0,0,0,13269,172
1330,5,0,0,0,1,32767,180
1331,6,1,0,0,0,32767,186
1332,5,0,0,0,1,32767,192
1333,5,0,0,0,1,32767,200
1334,6,1,0,0,0,32767,207
1335,6,1,0,0,0,32767,214
1336,5,0,0,0,1,32767,220
1337,6,1,0,0,0,13274,227
1338,6,1,0,0,0,32767,233
1339,5,0,0,0,1,32767,240
1340,5,0,0,0,1,32767,247
1341,6,1,0,0,0,32767,255
1342,6,1,0,0,0,32767,262
1343,5,0,0,0,1,32767,269
1344,5,0,0,0,1,32767,333
1345,5,0,0,0,1,32767,340
1346,6,1,0,0,0,32767,362
1347,6,1,0,0,0,32767,370
1348,5,0,0,0,1,32767,377
1349,5,0,0,0,1,32767,385
1350,6,1,0,0,0,32767,392
1351,5,0,0,0,1,32767,400
1352,6,1,0,0,0,13302,405
1353,6,1,0,0,0,13309,412
1354,6,1,0,0,0,32767,419
1355,5,0,0,0,1,32767,425
1356,5,0,0,0,1,32767,433
1357,6,1,0,0,0,32767,27
1358,6,1,0,0,0,32767,35
1359,5,0,0,0,1,32767,46
1360,5,0,0,0,1,13345,52
1361,6,1,0,0,0,32767,59
1362,6,1,0,0,0,32767,66
1363,6,1,0,0,0,32767,73
1364,5,0,0,0,1,32767,83
1365,5,0,0,0,1,32767,90
1366,6,1,0,0,0,32767,106
1367,6,1,0,0,0,13357,115
1368,5,0,0,0,1,32767,122
1369,5,0,0,0,1,32767,128
1370,6,1,0,0,0,32767,135
1371,5,0,0,0,1,32767,141
1372,6,1,0,0,0,32767,149
1373,6,1,0,0,0,32767,158
1374,6,1,0,0,0,13361,168
1375,5,0,0,0,1,13368,175
1376,6,1,0,0,0,13377,234
1377,5,0,0,0,1,32767,241
1378,5,0,0,0,1,32767,247
1379,6,1,0,0,0,32767,253
1380,5,0,0,0,1,32767,261
1381,5,0,0,0,1,32767,269
1382,6,1,0,0,0,32767,285
1383,6,1,0,0,0,13385,292
1384,5,0,0,0,1,32767,302
1385,6,1,0,0,0,32767,308
1386,5,0,0,0,1,32767,317
1387,5,0,0,0,1,32767,324
1388,6,0,1,0,0,32767,330
1389,6,1,0,0,0,32767,340
1390,6,1,0,0,0,13390,347
1391,5,0,0,0,1,13396,353
1392,5,0,0,1,0,32767,360
1393,6,1,0,0,0,32767,366
1394,5,0,0,0,1,32767,374
1395,5,0,0,0,1,32767,381
1396,5,0,0,0,1,32767,428
1397,6,0,1,0,0,32767,434
1398,6,1,0,0,0,32767,442
1399,5,0,0,0,1,32767,452
1400,6,1,0,0,0,32767,458
1401,6,1,0,0,0,32767,465
1402,5,0,0,0,1,13418,475
1403,5,0,0,0,1,32767,483
1404,6,1,0,0,0,32767,516
1405,6,1,0,0,0,13420,527
1406,5,0,0,0,1,32767,538
1407,5,0,0,0,1,32767,545
1408,5,0,0,0,1,32767,551
1409,6,1,0,0,0,32767,557
1410,5,0,0,0,1,32767,567
1411,5,0,0,0,1,32767,574
1412,6,1,0,0,0,32767,585
1413,6,1,0,0,0,13434,592
1414,6,1,0,0,0,32767,598
1415,6,1,0,0,0,32767,605
1416,5,0,0,0,1,32767,612
1417,5,0,0,0,1,32767,618
1418,6,1,0,0,0,32767,624
1419,6,1,0,0,0,32767,632
1420,5,0,0,0,1,32767,642
1421,5,0,0,0,1,32767,1107
1422,6,1,0,0,0,32767,1118
1423,6,1,0,0,0,13521,1128
1424,5,0,0,0,1,13527,1135
1425,5,0,0,0,1,32767,1141
1426,6,0,1,0,0,32767,1147
1427,5,0,0,0,1,32767,1154
1428,5,0,0,0,1,32767,1161
1429,6,1,0,0,0,32767,1179
1430,6,1,0,0,0,13530,1187
1431,6,1,0,0,0,13536,1194
1432,6,1,0,0,0,32767,1201
1433,5,0,0,0,1,32767,1207
1434,5,0,0,1,0,32767,1214
1435,6,1,0,0,0,32767,1220
1436,6,1,0,0,0,32767,1228
1437,5,0,0,0,1,32767,1235
1438,5,0,0,1,0,32767,1242
1439,6,1,0,0,0,13541,1248
1440,5,0,0,0,1,32767,1258
1441,6,1,0,0,0,32767,1328
1442,5,0,0,0,1,32767,1334
1443,6,1,0,0,0,32767,1342
1444,6,1,0,0,0,32767,1348
1445,6,1,0,0,0,32767,1359
1446,5,0,0,0,1,32767,1367
1447,6,1,0,0,0,32767,1448
1448,5,0,0,0,1,32767,1454
1449,5,0,0,0,1,32767,1461
1450,6,1,0,0,0,32767,1510
1451,6,1,0,0,0,32767,1515
1452,5,0,0,0,1,32767,1527
1453,5,0,0,0,1,32767,1534
1454,5,0,0,0,1,32767,1540
1455,6,1,0,0,0,32767,1546
1456,5,0,0,0,1,13595,1552
1457,6,0,1,0,0,32767,1559
1458,5,0,0,0,1,32767,1566
1458,5,0,0,0,1,14430,4187
1459,6,0,1,0,0,32767,5939
1460,6,0,1,0,0,32767,5946
1461,6,1,0,0,0,32767,5976
1461,6,0,1,0,0,32767,5997
1462,6,1,0,0,0,32767,6282
1463,5,0,0,0,1,15183,6290
1463,6,0,1,0,0,32767,6322
1464,6,0,1,0,0,32767,111
1465,6,0,1,0,0,32767,117
1466,5,0,0,0,1,32767,125
1466,5,0,0,0,1,18177,137
1467,5,0,0,0,1,32767,326
1468,5,0,0,0,1,32767,399
1468,5,0,0,0,1,32767,417
1469,5,0,0,0,1,32767,536
1470,6,1,0,0,0,32767,542
1471,6,1,0,0,0,32767,550
1471,6,0,1,0,0,32767,577
1472,5,0,0,0,1,32767,591
1473,6,1,0,0,0,32767,599
1474,5,0,0,0,1,32767,606
1475,5,0,0,0,1,18251,612
1476,5,0,0,0,1,18259,619
1477,6,1,0,0,0,32767,634
1477,6,0,1,0,0,32767,650
