1,0.011586,0.029387,0.040307,0.057954,0.074571,0.092689,0.11106,0.12785,0.13865,0.15629,0.17333,0.1922,0.2111,0.22837,0.23907,0.25589,0.27308,0.29082,0.30915,0.3267,0.33729,0.3542,0.37184,0.38985,0.40766,0.42506,0.43562,0.4528,0.47065,0.48928,0.50589,0.52311,0.53535,0.54598,0.55724,0.56823,0.58923,0.61036,0.62998,0.64154,0.65187,0.66348,0.68411,0.69461,0.70475,0.71519,0.72552,0.73721,0.74745,0.75753,0.76759,0.78933,0.80996,0.82073,0.83122,0.84185,0.86285,0.87323,0.8851,0.89524,0.90645,0.92724,0.93911,0.95974,0.96995,0.98035,0.99108,1.0014,1.0127,1.0231,1.0344,1.0445,1.0547,1.0652,1.0875,1.0981,1.1093,1.1196,1.1305,1.1431,1.1536,1.1639,1.1859,1.2056,1.2167,1.2272,1.2391,1.2597,1.2703,1.2816,1.292,1.313,1.324,1.3361,1.3572,1.3682,1.3783,1.3892,1.4098,1.4201,1.4306,1.4408,1.4512,1.4628,1.4732,1.4845,1.4946,1.5058,1.5159,1.5383,1.5591,1.5697,1.5801,1.591,1.6121,1.6322,1.6426,1.6534,1.6646,1.6756,1.6881,1.6985,1.7095,1.7196,1.7298,1.7402,1.762,1.7721,1.784,1.7948,1.805,1.816,1.8261,1.8382,1.8489,1.8605,1.8708,1.8816,1.8922,1.9024,1.9136,1.924,1.935,1.9549,1.9652,1.987,1.9972,2.0077,2.0452,2.0648,2.0865,2.1076,2.1278,2.1407,2.1515,2.1628,2.1838,2.194,2.2048,2.2156,2.2263,2.2387,2.2593,2.2696,2.2903,2.3114,2.331,2.3413,2.3517,2.3633,2.3833,2.4031,2.4135,2.4238,2.4359,2.4468,2.4585,2.4781,2.4897,2.4998
1,0.010883,0.028171,0.046465,0.065027,0.081684,0.091968,0.10918,0.12796,0.1457,0.16411,0.18174,0.19272,0.20968,0.22781,0.24491,0.26246,0.27972,0.29794,0.31647,0.33321,0.34419,0.36206,0.37987,0.39806,0.41657,0.4342,0.44495,0.46265,0.47993,0.49819,0.51695,0.53344,0.54443,0.56138,0.58033,0.59211,0.60248,0.61271,0.62337,0.63347,0.64523,0.66586,0.67608,0.69675,0.707,0.71884,0.73959,0.74974,0.76988,0.7809,0.79287,0.81297,0.8327,0.84498,0.8552,0.8666,0.88763,0.89811,0.90898,0.92012,0.93099,0.94271,0.95329,0.96483,0.9856,0.99623,1.0064,1.0179,1.038,1.0485,1.0687,1.0788,1.0896,1.1092,1.1201,1.1303,1.1422,1.162,1.1723,1.1828,1.1951,1.216,1.2266,1.2373,1.2573,1.2689,1.2897,1.2999,1.3107,1.321,1.3312,1.3435,1.3539,1.3656,1.3762,1.3868,1.3977,1.4078,1.4188,1.4289,1.4399,1.4502,1.4603,1.4714,1.4814,1.4939,1.5138,1.5336,1.5454,1.5669,1.5772,1.598,1.6087,1.6197,1.6298,1.6422,1.6526,1.6726,1.6828,1.6951,1.7161,1.7262,1.7364,1.7472,1.769,1.7794,1.7915,1.8016,1.8126,1.8322,1.8446,1.855,1.8663,1.8765,1.8872,1.8983,1.9191,1.9412,1.9513,1.9615,1.9723,1.9832,1.9951,2.0445,2.0572,2.0689,2.0794,2.0914,2.1016,2.1117,2.1225,2.1443,2.1544,2.1658,2.1859,2.1968,2.2069,2.2182,2.2382,2.2493,2.2597,2.2698,2.28,2.2924,2.3028,2.3135,2.3238,2.3452,2.3553,2.3676,2.3779,2.3885,2.3986,2.4191,2.4294,2.4415,2.4627,2.4828,2.4951
1,0.010091,0.027807,0.045358,0.064507,0.082107,0.093142,0.10983,0.12712,0.14396,0.16065,0.17898,0.19649,0.21512,0.23223,0.24248,0.25974,0.27714,0.29533,0.31331,0.32998,0.34718,0.36645,0.38453,0.39486,0.41231,0.43009,0.44044,0.45879,0.46941,0.48649,0.50384,0.52439,0.5445,0.56563,0.57602,0.59677,0.61815,0.63891,0.64947,0.65989,0.67067,0.68164,0.69415,0.70475,0.7164,0.73592,0.7464,0.75728,0.76867,0.77927,0.79102,0.80152,0.81199,0.82264,0.83276,0.84514,0.8557,0.86753,0.87787,0.888,0.89824,0.91874,0.94027,0.9604,0.97074,0.98077,0.99264,1.013,1.0233,1.0342,1.0454,1.0558,1.0674,1.0874,1.0976,1.1078,1.1188,1.1289,1.1411,1.1517,1.1621,1.1728,1.1829,1.1944,1.2045,1.2164,1.236,1.2464,1.2566,1.268,1.2781,1.2889,1.3086,1.3196,1.3414,1.3611,1.3724,1.3827,1.3947,1.405,1.4166,1.427,1.4375,1.4593,1.4697,1.4799,1.4918,1.502,1.5123,1.5226,1.5326,1.5445,1.5551,1.5669,1.5771,1.5874,1.5979,1.6181,1.6388,1.6588,1.6691,1.6795,1.6914,1.7021,1.7138,1.7335,1.7445,1.7656,1.7852,1.7955,1.8166,1.8371,1.8475,1.858,1.8689,1.879,1.8914,1.9021,1.9129,1.9231,1.9449,1.9558,1.9675,1.9783,1.9896,2,2.0391,2.0495,2.0695,2.0797,2.0916,2.1112,2.1313,2.1436,2.1649,2.175,2.1958,2.2169,2.2273,2.2391,2.2492,2.2595,2.27,2.2801,2.2921,2.3029,2.3144,2.3354,2.346,2.3569,2.3685,2.3903,2.4005,2.4207,2.4307,2.4425,2.453,2.4651,2.4756,2.4857,2.4964
1,0.010877,0.028874,0.047194,0.066223,0.083963,0.10258,0.1127,0.13025,0.14072,0.1581,0.17626,0.19457,0.21461,0.23317,0.25132,0.26948,0.28833,0.30583,0.31636,0.33389,0.35144,0.36844,0.38624,0.40458,0.41496,0.43295,0.44334,0.4625,0.4801,0.49107,0.50983,0.52012,0.54163,0.55211,0.56326,0.57347,0.59425,0.6046,0.61598,0.63805,0.64822,0.66848,0.69,0.70113,0.71436,0.72463,0.73499,0.74539,0.75624,0.76761,0.78962,0.79988,0.81038,0.8301,0.84236,0.86324,0.87355,0.88385,0.8946,0.90491,0.91687,0.92699,0.93848,0.958,0.96849,0.97859,0.99087,1.011,1.021,1.0314,1.0433,1.0533,1.065,1.0754,1.0861,1.0966,1.107,1.1181,1.129,1.1411,1.162,1.1726,1.1828,1.1938,1.2044,1.2166,1.227,1.2385,1.2489,1.2688,1.2791,1.2908,1.311,1.3216,1.3435,1.3542,1.3661,1.3765,1.3877,1.3981,1.4193,1.4412,1.4521,1.4627,1.473,1.4832,1.4951,1.5163,1.5266,1.5371,1.5482,1.5586,1.5694,1.5795,1.5915,1.6016,1.6118,1.6222,1.6325,1.6437,1.6655,1.6859,1.6965,1.7073,1.7206,1.7314,1.7436,1.7545,1.7661,1.787,1.7976,1.8085,1.8187,1.829,1.8407,1.8611,1.8715,1.8816,1.894,1.9152,1.9257,1.9364,1.9465,1.968,1.9782,1.9892,2,2.0394,2.0501,2.0615,2.0717,2.0821,2.0933,2.1146,2.1249,2.1353,2.146,2.1563,2.1676,2.178,2.19,2.2112,2.2216,2.2436,2.2653,2.2756,2.2861,2.2969,2.3076,2.3184,2.3287,2.3397,2.3499,2.3601,2.3797,2.3915,2.4132,2.4237,2.4339,2.4454,2.4555,2.4673,2.4884,2.4988
1,0.010214,0.028082,0.039353,0.056955,0.075738,0.093874,0.11206,0.12888,0.13921,0.15616,0.17433,0.19251,0.21153,0.2292,0.24047,0.25856,0.27631,0.29489,0.31361,0.33101,0.34934,0.36658,0.38409,0.4012,0.41874,0.43779,0.45445,0.47318,0.49182,0.51322,0.53348,0.54436,0.56592,0.57675,0.58875,0.60936,0.61948,0.62961,0.6418,0.65237,0.66401,0.68461,0.69513,0.70521,0.71623,0.72756,0.74001,0.75109,0.76289,0.77324,0.78399,0.79436,0.80458,0.81596,0.82612,0.83862,0.84949,0.8601,0.87062,0.88073,0.89162,0.90196,0.91334,0.92371,0.934,0.95383,0.96521,0.97533,0.98724,0.99749,1.0184,1.0285,1.0409,1.0512,1.0629,1.0835,1.0944,1.1052,1.116,1.1378,1.1484,1.1597,1.17,1.1804,1.1916,1.2122,1.2225,1.2427,1.2534,1.265,1.2756,1.2868,1.307,1.3175,1.3276,1.3395,1.3497,1.3605,1.3708,1.3812,1.3925,1.4137,1.4238,1.4352,1.446,1.4569,1.4671,1.478,1.4897,1.5103,1.5298,1.5421,1.5635,1.5743,1.585,1.5955,1.6157,1.6367,1.6471,1.6572,1.6682,1.6784,1.6907,1.7114,1.7223,1.7324,1.7432,1.7556,1.7658,1.7866,1.7967,1.8071,1.8181,1.8401,1.8503,1.8605,1.8708,1.8922,1.9136,1.9332,1.9436,1.9545,1.9658,1.9759,1.9875,1.9976,2.008,2.0465,2.0566,2.067,2.0775,2.0894,2.1101,2.1207,2.1314,2.1426,2.1637,2.1833,2.1937,2.2046,2.216,2.2261,2.2385,2.2591,2.2695,2.2803,2.2925,2.3032,2.3151,2.3257,2.3375,2.3481,2.3591,2.3705,2.3815,2.3933,2.4043,2.4165,2.4272,2.4402,2.4507,2.4619,2.4798,2.4908
1,0.019618,0.037135,0.054539,0.073191,0.092178,0.10891,0.12796,0.14561,0.16315,0.18066,0.19927,0.21779,0.23538,0.25319,0.27042,0.28741,0.3053,0.31608,0.33423,0.34505,0.36223,0.3789,0.39717,0.41613,0.4334,0.44428,0.46151,0.47863,0.49643,0.51503,0.53225,0.54244,0.55927,0.5694,0.58618,0.60453,0.62204,0.6403,0.6579,0.66799,0.6854,0.69578,0.71429,0.73204,0.74279,0.75976,0.77817,0.7959,0.81555,0.83329,0.84429,0.86117,0.8789,0.89771,0.91692,0.93442,0.94504,0.96286,0.98051,0.99961,1.0183,1.0351,1.0458,1.0636,1.081,1.0996,1.1187,1.1358,1.1546,1.1732,1.1924,1.209,1.2192,1.2361,1.2543,1.2724,1.292,1.309,1.3278,1.3459,1.3647,1.3816,1.4,1.419,1.4356,1.4457,1.4625,1.48,1.4981,1.5164,1.5332,1.5435,1.5605,1.5789,1.5967,1.6149,1.6325,1.644,1.6615,1.6797,1.6897,1.7065,1.7171,1.7346,1.7454,1.7638,1.7812,1.7915,1.8089,1.8193,1.838,1.8553,1.8734,1.8926,1.9104,1.9287,1.9471,1.9657,1.9833,1.9943,2.0374,2.0542,2.0723,2.0918,2.1084,2.1276,2.1459,2.1645,2.1818,2.1998,2.2183,2.2354,2.2454,2.2626,2.28,2.2978,2.3166,2.334,2.3449,2.3624,2.3793,2.397,2.4154,2.4329,2.4431,2.4604,2.4785,2.4963
1,0.01113,0.028924,0.03928,0.056299,0.075067,0.094329,0.11289,0.12966,0.14021,0.15806,0.17581,0.19355,0.21134,0.2283,0.24593,0.26531,0.28269,0.29368,0.31144,0.32827,0.34543,0.3637,0.3808,0.39119,0.40886,0.42729,0.4455,0.4637,0.48083,0.49181,0.50892,0.52736,0.53936,0.55909,0.56946,0.59136,0.60145,0.61158,0.6226,0.63311,0.6436,0.6647,0.68422,0.69524,0.70559,0.71722,0.72763,0.73823,0.74861,0.76885,0.79037,0.81071,0.82204,0.83212,0.84388,0.86458,0.87482,0.88518,0.89545,0.91666,0.9276,0.93882,0.94899,0.95987,0.97009,0.98034,0.99257,1.0033,1.0149,1.0253,1.036,1.0464,1.0572,1.0686,1.0787,1.0911,1.1111,1.1217,1.1324,1.1448,1.1662,1.1868,1.1977,1.2086,1.2189,1.2297,1.2425,1.2528,1.2648,1.2752,1.2859,1.2965,1.3066,1.3176,1.328,1.3392,1.3496,1.3597,1.3707,1.3807,1.3932,1.4143,1.4247,1.4349,1.4457,1.4668,1.4772,1.4877,1.5074,1.5178,1.5386,1.549,1.5698,1.5801,1.5918,1.6126,1.6228,1.6338,1.6446,1.655,1.6666,1.6769,1.6887,1.6997,1.7102,1.7209,1.7313,1.7433,1.7537,1.7651,1.7752,1.7853,1.796,1.8069,1.818,1.8283,1.8396,1.8593,1.8699,1.8799,1.8918,1.9021,1.9128,1.9323,1.944,1.9653,1.9757,1.9862,1.9967,2.0072,2.0467,2.0681,2.079,2.0906,2.1009,2.1117,2.1319,2.1443,2.1546,2.166,2.1868,2.1973,2.2075,2.2188,2.2291,2.2411,2.2513,2.2618,2.2725,2.2826,2.2943,2.3154,2.3352,2.3548,2.3662,2.386,2.396,2.4172,2.4372,2.4481,2.459,2.4692,2.4794,2.4912
1,0.011402,0.029568,0.047174,0.065421,0.084674,0.10202,0.11992,0.13771,0.1555,0.17328,0.19161,0.21062,0.22769,0.24546,0.26356,0.28242,0.30029,0.31056,0.32763,0.34542,0.36266,0.38105,0.39853,0.40883,0.42591,0.43628,0.45405,0.47254,0.48266,0.4994,0.50959,0.51993,0.53045,0.55021,0.56158,0.57196,0.58381,0.59458,0.60559,0.61658,0.62671,0.63706,0.65818,0.67843,0.68856,0.70956,0.72971,0.74021,0.75033,0.76159,0.7831,0.79341,0.80472,0.82433,0.83621,0.84659,0.85818,0.87893,0.88973,0.90006,0.91118,0.92143,0.93281,0.94333,0.95396,0.96432,0.98569,1.0057,1.0159,1.0371,1.0475,1.0588,1.0692,1.0797,1.0994,1.1108,1.1209,1.1324,1.1426,1.1622,1.1833,1.1939,1.2051,1.2152,1.2255,1.2368,1.2472,1.259,1.2698,1.2803,1.291,1.3023,1.3125,1.3231,1.335,1.3453,1.3566,1.3673,1.3777,1.3879,1.4096,1.4198,1.4306,1.4508,1.462,1.4722,1.4835,1.5032,1.5227,1.5341,1.5448,1.5559,1.5659,1.5762,1.587,1.6076,1.6178,1.6385,1.6493,1.6611,1.672,1.6837,1.6944,1.7051,1.7157,1.7257,1.7368,1.7588,1.7692,1.7793,1.7904,1.801,1.8117,1.8335,1.8436,1.8543,1.865,1.8863,1.8967,1.9079,1.9184,1.9286,1.9396,1.9497,1.9616,1.9717,1.9836,1.9937,2.0045,2.0406,2.0614,2.0717,2.0826,2.0928,2.113,2.1232,2.1355,2.1463,2.1576,2.1678,2.1788,2.1891,2.1999,2.2116,2.2218,2.2329,2.2429,2.2632,2.2843,2.2945,2.3057,2.3255,2.3367,2.3469,2.3583,2.3785,2.3887,2.3996,2.4109,2.421,2.4317,2.442,2.4524,2.4627,2.4729,2.4843
2,0.018598,0.036113,0.054385,0.071444,0.081607,0.098696,0.10885,0.12604,0.1441,0.16197,0.18049,0.1974,0.21558,0.23376,0.25127,0.26869,0.28621,0.30318,0.32098,0.3396,0.35875,0.37585,0.3931,0.41149,0.43002,0.44696,0.46515,0.48445,0.5023,0.51909,0.53698,0.55556,0.57311,0.58318,0.59989,0.61855,0.63666,0.64728,0.659,0.66925,0.68076,0.69098,0.71102,0.72189,0.73353,0.74395,0.75439,0.7741,0.78548,0.80624,0.81639,0.82686,0.83737,0.85862,0.869,0.87949,0.8905,0.90076,0.91103,0.92123,0.93264,0.94299,0.963,0.97325,0.98463,0.99517,1.0068,1.017,1.0277,1.0474,1.0593,1.0697,1.0809,1.0916,1.1018,1.1128,1.1229,1.1348,1.1555,1.1656,1.1853,1.2059,1.2161,1.2366,1.2476,1.2593,1.2792,1.2899,1.3,1.3196,1.3319,1.3423,1.3533,1.3634,1.3743,1.3854,1.3956,1.407,1.4266,1.4462,1.4581,1.4787,1.4896,1.4998,1.5111,1.522,1.5336,1.5536,1.5643,1.5749,1.5856,1.596,1.607,1.6171,1.6274,1.6383,1.6484,1.6594,1.6804,1.6905,1.7009,1.7118,1.7226,1.7343,1.7446,1.7558,1.7661,1.7862,1.8074,1.827,1.8471,1.8585,1.8689,1.88,1.8907,1.9009,1.9114,1.9218,1.9334,1.9535,1.9638,1.9748,1.9854,1.9959,2.0078,2.0479,2.0595,2.0704,2.082,2.0924,2.1025,2.1129,2.1232,2.1349,2.1559,2.1756,2.186,2.2071,2.2175,2.228,2.2477,2.2591,2.2791,2.2989,2.3102,2.3311,2.3413,2.3616,2.3828,2.4023,2.4218,2.4332,2.4533,2.473,2.4847,2.4955
1,0.018829,0.037531,0.055139,0.065297,0.083429,0.10176,0.11929,0.13834,0.15596,0.16628,0.18454,0.20205,0.22026,0.23952,0.25705,0.26726,0.28493,0.30264,0.31276,0.33093,0.34102,0.35901,0.37689,0.39443,0.41194,0.42965,0.44012,0.45816,0.47621,0.49412,0.51466,0.53517,0.54648,0.55653,0.56782,0.57818,0.5899,0.60018,0.61093,0.62128,0.63167,0.64281,0.65368,0.66593,0.67619,0.68783,0.69856,0.70958,0.7198,0.73068,0.74232,0.75332,0.76495,0.77569,0.78692,0.79793,0.80803,0.81842,0.82879,0.84053,0.85078,0.86145,0.87191,0.88228,0.89306,0.90343,0.91507,0.92609,0.93646,0.94718,0.96853,0.97892,0.99066,1.0009,1.0116,1.0221,1.0328,1.0438,1.0662,1.0776,1.0897,1.1006,1.1113,1.1221,1.133,1.1443,1.1549,1.1666,1.1777,1.1902,1.201,1.2115,1.2222,1.2436,1.2543,1.2662,1.2765,1.2878,1.2979,1.3089,1.3192,1.3301,1.3417,1.352,1.3633,1.374,1.3842,1.3952,1.4053,1.4172,1.4276,1.4387,1.4489,1.4594,1.4698,1.4799,1.4918,1.5019,1.5133,1.5239,1.5342,1.5451,1.5553,1.5675,1.5779,1.5897,1.6005,1.6111,1.6223,1.6329,1.6443,1.6545,1.6663,1.6765,1.6872,1.7076,1.7178,1.7287,1.7403,1.7509,1.762,1.7722,1.7824,1.7938,1.8041,1.8159,1.8261,1.8369,1.8473,1.8574,1.8688,1.879,1.8908,1.901,1.9126,1.9234,1.9446,1.9552,1.967,1.9778,1.9895,1.9998,2.0104,2.0475,2.0577,2.0688,2.0799,2.0918,2.1024,2.1143,2.1249,2.1363,2.1466,2.157,2.1673,2.1781,2.1898,2.2008,2.2114,2.2219,2.232,2.2439,2.2659,2.2772,2.2888,2.2992,2.3093,2.3196,2.33,2.3418,2.352,2.364,2.3742,2.3854,2.3958,2.4062,2.4173,2.4277,2.4393,2.4499,2.4601,2.4705,2.4808,2.4924
2,0.01895,0.03787,0.056568,0.07518,0.093471,0.10374,0.12106,0.14057,0.15819,0.177,0.19486,0.20498,0.22278,0.24137,0.25953,0.27775,0.29534,0.30547,0.32286,0.33324,0.35212,0.3695,0.38924,0.40747,0.42566,0.44352,0.46204,0.48173,0.50023,0.51896,0.52969,0.54006,0.55115,0.56154,0.57164,0.58349,0.59377,0.60561,0.61577,0.62729,0.6389,0.65027,0.66125,0.68318,0.6935,0.70525,0.71552,0.72712,0.73776,0.74876,0.75953,0.77022,0.78039,0.79244,0.80408,0.81518,0.82717,0.83753,0.84833,0.8593,0.86991,0.88114,0.89253,0.90438,0.91484,0.92528,0.93644,0.94681,0.95812,0.96878,0.98128,0.99133,1.0031,1.0139,1.0248,1.0364,1.0471,1.0587,1.0688,1.0813,1.0916,1.1035,1.1143,1.1253,1.1362,1.1471,1.1583,1.1691,1.1817,1.204,1.2149,1.2253,1.2359,1.2462,1.2579,1.2683,1.2792,1.2903,1.301,1.3114,1.3216,1.3335,1.3441,1.3563,1.3675,1.3785,1.3905,1.401,1.4116,1.4225,1.4342,1.4445,1.4559,1.4665,1.4793,1.4902,1.5009,1.5117,1.5224,1.5333,1.5443,1.556,1.5663,1.5787,1.5889,1.5991,1.61,1.6203,1.6316,1.642,1.6539,1.6646,1.6753,1.686,1.6963,1.7064,1.7171,1.7296,1.7405,1.7511,1.762,1.773,1.7836,1.7945,1.8063,1.8172,1.8292,1.8396,1.8504,1.8608,1.8715,1.8825,1.8927,1.9045,1.9149,1.9255,1.9364,1.9468,1.9579,1.9795,1.9896,2.0009,2.0405,2.0514,2.0724,2.0843,2.0944,2.1063,2.1166,2.1278,2.139,2.1496,2.1602,2.1703,2.1825,2.1932,2.2048,2.2151,2.2259,2.2368,2.2471,2.2572,2.268,2.2794,2.2911,2.3034,2.3137,2.3248,2.3356,2.3469,2.358,2.3682,2.3791,2.3909,2.4024,2.4125,2.4236,2.4348,2.446,2.4576,2.4685,2.4807,2.4911
3,0.010011,0.027765,0.046379,0.064598,0.083385,0.10124,0.1188,0.13774,0.15535,0.17372,0.19185,0.20995,0.22859,0.23912,0.25716,0.26773,0.28552,0.30309,0.32311,0.34122,0.35858,0.37697,0.38704,0.40545,0.42416,0.44303,0.46257,0.48106,0.49161,0.50996,0.52788,0.54597,0.56423,0.57434,0.59263,0.61145,0.63013,0.64023,0.6583,0.67593,0.69446,0.71386,0.73147,0.75025,0.76798,0.78618,0.80376,0.82335,0.84193,0.8618,0.87986,0.89071,0.90835,0.92649,0.94422,0.96398,0.98212,1.0006,1.0189,1.0375,1.0551,1.0743,1.0925,1.1104,1.1279,1.1466,1.1645,1.1834,1.2011,1.2197,1.2389,1.2565,1.2675,1.2853,1.3036,1.3237,1.342,1.3601,1.378,1.3884,1.4059,1.4243,1.4418,1.4606,1.4787,1.489,1.5066,1.5174,1.535,1.5528,1.5629,1.573,1.5917,1.6095,1.6275,1.6456,1.6648,1.6831,1.7009,1.7186,1.7374,1.7547,1.7734,1.7915,1.8089,1.8262,1.8445,1.8631,1.8806,1.8982,1.9162,1.9335,1.9511,1.97,1.9879,2.0066,2.0419,2.0595,2.0773,2.0946,2.1123,2.1302,2.1475,2.1648,2.1826,2.2001,2.2177,2.2354,2.2528,2.2706,2.2881,2.3057,2.3231,2.3408,2.3585,2.376,2.3937,2.4111,2.4288,2.4468,2.4642,2.482,2.4995
4,0.020681,0.039383,0.057605,0.075429,0.094107,0.11208,0.13187,0.14946,0.167,0.18486,0.19495,0.21279,0.23109,0.24871,0.26668,0.28413,0.30172,0.31994,0.33808,0.34821,0.36567,0.38336,0.40158,0.42151,0.44003,0.4576,0.47576,0.49481,0.51526,0.52587,0.53679,0.54826,0.55903,0.57126,0.58174,0.59286,0.6033,0.61418,0.62483,0.63616,0.64802,0.65814,0.66963,0.67999,0.69035,0.70114,0.71129,0.72266,0.73313,0.74439,0.75514,0.76528,0.776,0.78716,0.79889,0.80924,0.82128,0.83176,0.8431,0.854,0.86402,0.87451,0.88474,0.8965,0.90701,0.91813,0.92852,0.93942,0.95012,0.96086,0.97227,0.98364,0.99476,1.0156,1.0265,1.0367,1.0484,1.0593,1.0704,1.0808,1.0911,1.1017,1.1127,1.1233,1.1335,1.1444,1.1547,1.1655,1.1756,1.1866,1.1978,1.2085,1.2189,1.2291,1.2395,1.2497,1.2599,1.2706,1.2809,1.2912,1.3016,1.3123,1.3227,1.343,1.3534,1.3635,1.3744,1.385,1.3958,1.4066,1.4275,1.439,1.449,1.4592,1.4696,1.4906,1.5007,1.511,1.5214,1.5316,1.5425,1.5528,1.5634,1.5737,1.5838,1.5945,1.6048,1.6155,1.6258,1.6362,1.6462,1.6566,1.6669,1.6772,1.6874,1.6976,1.708,1.718,1.729,1.7396,1.75,1.7601,1.7704,1.7808,1.8018,1.8119,1.8221,1.8325,1.8429,1.8534,1.8636,1.8739,1.8846,1.8955,1.9056,1.9159,1.9262,1.9366,1.9466,1.957,1.9674,1.9877,1.9981,2.0083,2.048,2.0585,2.0687,2.0791,2.0895,2.1001,2.1106,2.1316,2.1428,2.1534,2.1635,2.1737,2.1845,2.1954,2.2057,2.2159,2.2261,2.2365,2.2467,2.2568,2.2672,2.2773,2.2876,2.298,2.3081,2.3183,2.329,2.3394,2.3497,2.3598,2.3701,2.3805,2.3909,2.4119,2.4331,2.4441,2.4542,2.4645,2.4749,2.485,2.4952
5,0.010393,0.028102,0.038224,0.056406,0.075527,0.094267,0.11366,0.13123,0.14956,0.16929,0.18786,0.20564,0.21674,0.23577,0.25306,0.26394,0.28173,0.29985,0.31888,0.33805,0.35586,0.37399,0.39172,0.4103,0.42036,0.43951,0.45698,0.47525,0.4933,0.51456,0.52563,0.53726,0.54818,0.55937,0.57053,0.59102,0.60116,0.61425,0.62519,0.63701,0.64739,0.6578,0.66953,0.68028,0.69051,0.70075,0.71279,0.72354,0.73467,0.74563,0.75578,0.76792,0.7899,0.80029,0.8114,0.82292,0.83351,0.84431,0.8545,0.86643,0.87677,0.8885,0.89875,0.90943,0.92104,0.9314,0.94218,0.95229,0.96401,0.97505,0.98616,0.99638,1.0068,1.0181,1.029,1.0406,1.0514,1.0628,1.0745,1.0859,1.0962,1.1065,1.1178,1.1288,1.1408,1.1511,1.1625,1.1743,1.1853,1.1954,1.2057,1.217,1.228,1.2401,1.2505,1.2626,1.2736,1.2844,1.2954,1.3164,1.328,1.3399,1.3503,1.3624,1.3734,1.3834,1.3939,1.4043,1.4151,1.4263,1.4379,1.448,1.4587,1.4695,1.4799,1.4904,1.5008,1.5128,1.5239,1.5344,1.545,1.5657,1.5779,1.5899,1.6,1.612,1.6236,1.6347,1.6451,1.6561,1.6667,1.6771,1.6883,1.699,1.7097,1.7202,1.7314,1.7417,1.7524,1.7631,1.7735,1.7848,1.795,1.8054,1.8157,1.8264,1.8372,1.8479,1.8594,1.8698,1.8804,1.891,1.9014,1.9121,1.923,1.9336,1.944,1.954,1.9644,1.9748,1.9854,1.9962,2.0064,2.0454,2.0557,2.0663,2.0767,2.0871,2.1075,2.1176,2.128,2.1382,2.149,2.1592,2.1696,2.1798,2.1906,2.2008,2.2117,2.2219,2.2327,2.2428,2.253,2.2637,2.274,2.2847,2.295,2.3054,2.3155,2.3258,2.3362,2.3465,2.3571,2.3675,2.3776,2.3879,2.3982,2.4084,2.4187,2.4295,2.4396,2.4504,2.4612,2.4713,2.4816,2.4924
6,0.01962,0.037032,0.054843,0.074354,0.093728,0.11156,0.12947,0.13999,0.15734,0.17665,0.19484,0.21285,0.23086,0.24097,0.25917,0.27795,0.28801,0.3058,0.32553,0.34323,0.36105,0.37909,0.38991,0.40814,0.4186,0.43673,0.45459,0.46472,0.48274,0.50148,0.51987,0.53128,0.54352,0.55431,0.56538,0.5774,0.58798,0.60865,0.62015,0.64253,0.65367,0.66518,0.67588,0.68666,0.69699,0.70745,0.72035,0.7316,0.74381,0.75713,0.77089,0.78156,0.79441,0.80562,0.81741,0.82926,0.84145,0.85178,0.86216,0.87954,0.88986,0.90746,0.92703,0.94484,0.96257,0.98058,0.99084,1.0085,1.0186,1.036,1.0545,1.0736,1.0924,1.11,1.1285,1.1467,1.1649,1.1751,1.1937,1.2118,1.2292,1.2394,1.2572,1.2685,1.2861,1.304,1.3223,1.3416,1.3594,1.378,1.3964,1.4071,1.418,1.4284,1.4399,1.4501,1.4603,1.4718,1.4821,1.4942,1.5051,1.517,1.5273,1.5377,1.5585,1.5689,1.5791,1.5913,1.6024,1.6129,1.6235,1.6339,1.6445,1.656,1.6673,1.6784,1.69,1.7,1.711,1.7218,1.7319,1.7433,1.7546,1.7663,1.7764,1.7871,1.7979,1.8081,1.8186,1.8287,1.8403,1.8511,1.8635,1.874,1.8842,1.8944,1.9048,1.9149,1.9251,1.9359,1.9462,1.9565,1.9669,1.9872,1.9976,2.0083,2.0473,2.058,2.0682,2.0787,2.0892,2.0997,2.1109,2.1209,2.1331,2.1447,2.1559,2.1665,2.1769,2.1875,2.1979,2.2085,2.2189,2.229,2.2405,2.2568,2.2682,2.2795,2.2903,2.3009,2.311,2.3212,2.3316,2.3418,2.3521,2.3624,2.3727,2.3838,2.3957,2.4069,2.4171,2.4272,2.4375,2.4479,2.458,2.4684,2.4786,2.489,2.4996
7,0.020492,0.039484,0.057741,0.076601,0.094224,0.11224,0.12966,0.1401,0.15761,0.17651,0.19412,0.21125,0.22947,0.23958,0.25691,0.26772,0.28554,0.30309,0.32265,0.34134,0.35894,0.36912,0.38698,0.40434,0.42455,0.44385,0.46147,0.47898,0.48903,0.50686,0.5179,0.53603,0.54715,0.5574,0.56825,0.57903,0.59089,0.60129,0.61132,0.62238,0.63268,0.644,0.65534,0.66718,0.67751,0.68806,0.70863,0.72036,0.73042,0.74224,0.75275,0.76465,0.77515,0.78555,0.79691,0.80705,0.81864,0.82977,0.84137,0.85178,0.8624,0.8729,0.88384,0.89453,0.9049,0.91638,0.92717,0.93766,0.94852,0.95927,0.97142,0.98152,0.99339,1.0037,1.0151,1.0258,1.037,1.048,1.0581,1.0686,1.0794,1.0912,1.1015,1.1127,1.1231,1.134,1.1448,1.1552,1.1663,1.1768,1.1876,1.1979,1.2085,1.2202,1.2303,1.2421,1.2527,1.2648,1.2756,1.2859,1.2961,1.3069,1.3177,1.3281,1.3387,1.349,1.3594,1.3703,1.381,1.3927,1.4033,1.4142,1.4258,1.4363,1.4475,1.4581,1.4702,1.4813,1.493,1.5033,1.5151,1.5261,1.5363,1.5466,1.557,1.5683,1.5786,1.5898,1.6001,1.6105,1.6208,1.6311,1.6429,1.6538,1.6658,1.6761,1.6875,1.6979,1.7183,1.7291,1.7403,1.7506,1.7627,1.7737,1.7844,1.7951,1.8056,1.8168,1.827,1.8378,1.8481,1.8595,1.8696,1.8799,1.8902,1.9004,1.9107,1.9216,1.9424,1.9533,1.9634,1.9737,1.9844,1.9947,2.005,2.0447,2.0547,2.065,2.0758,2.0866,2.0968,2.1076,2.1178,2.1286,2.1388,2.1496,2.1598,2.1706,2.1808,2.1916,2.2017,2.212,2.2224,2.2328,2.2434,2.2537,2.2644,2.2747,2.2849,2.2951,2.3055,2.3161,2.3265,2.3463,2.3566,2.3673,2.3782,2.3884,2.3986,2.409,2.4194,2.4294,2.4398,2.4499,2.4601,2.4705,2.4809,2.4915
1,0.010188,0.028556,0.046659,0.066185,0.083771,0.094188,0.11178,0.12928,0.14691,0.16642,0.18378,0.20259,0.22129,0.2403,0.25792,0.27667,0.29439,0.31206,0.3303,0.34893,0.36745,0.38567,0.40376,0.4138,0.43131,0.44145,0.45881,0.46979,0.48764,0.50619,0.51707,0.52869,0.54022,0.55044,0.56171,0.57271,0.58349,0.5951,0.60534,0.61698,0.62916,0.64136,0.65171,0.66209,0.67274,0.68345,0.69481,0.70545,0.71737,0.72892,0.74113,0.75147,0.76157,0.77222,0.78282,0.79444,0.80482,0.81688,0.82797,0.83869,0.84943,0.86035,0.8721,0.88221,0.89419,0.90484,0.91711,0.92876,0.94095,0.95159,0.96288,0.97325,0.9841,0.9955,1.0068,1.0179,1.0283,1.0391,1.0501,1.0602,1.0711,1.0815,1.0937,1.1042,1.1149,1.1266,1.1375,1.1477,1.1581,1.1695,1.1796,1.1903,1.2007,1.2125,1.2232,1.2335,1.2443,1.2547,1.2656,1.2756,1.2866,1.2969,1.307,1.3177,1.3281,1.3385,1.36,1.3703,1.381,1.3914,1.4117,1.4221,1.4424,1.4528,1.4629,1.4732,1.484,1.4942,1.5045,1.5147,1.5249,1.5353,1.5454,1.5558,1.5666,1.5767,1.5871,1.5974,1.6188,1.6295,1.6404,1.6507,1.6608,1.6711,1.6812,1.6914,1.7018,1.7122,1.724,1.735,1.7457,1.7559,1.7664,1.7767,1.7873,1.7974,1.8077,1.8187,1.8293,1.8397,1.8503,1.8607,1.8708,1.8814,1.8918,1.9021,1.9124,1.9226,1.9335,1.9436,1.9539,1.9642,1.9743,1.9845,1.9949,2.005,2.0423,2.053,2.0632,2.0742,2.0848,2.095,2.1052,2.1156,2.1259,2.1361,2.1472,2.1583,2.1695,2.1801,2.1902,2.2006,2.2115,2.2222,2.2334,2.2435,2.2537,2.264,2.2742,2.2846,2.2948,2.3049,2.3152,2.3257,2.3359,2.346,2.357,2.3671,2.3773,2.3881,2.399,2.4091,2.42,2.4301,2.441,2.4511,2.4613,2.4717,2.4818,2.4921
2,0.020375,0.03785,0.056539,0.075494,0.094359,0.11172,0.12273,0.14032,0.15828,0.17723,0.19617,0.21369,0.23212,0.25017,0.26907,0.2866,0.29672,0.31417,0.33189,0.35011,0.36887,0.38699,0.40572,0.42369,0.44286,0.4605,0.47134,0.48898,0.50673,0.52578,0.53638,0.548,0.55813,0.56953,0.58128,0.59218,0.6024,0.61263,0.6245,0.6349,0.64651,0.6569,0.66737,0.67913,0.68924,0.70026,0.7104,0.72283,0.73351,0.74552,0.75601,0.76703,0.77762,0.78837,0.79915,0.82065,0.8323,0.84403,0.85436,0.86503,0.87566,0.88666,0.89857,0.90889,0.92001,0.93088,0.94157,0.95187,0.96229,0.97416,0.98424,0.9959,1.0167,1.0273,1.0486,1.059,1.0703,1.0822,1.094,1.1048,1.1154,1.1258,1.1362,1.1485,1.1592,1.1707,1.1813,1.1922,1.203,1.2131,1.2247,1.235,1.2471,1.2575,1.2689,1.2801,1.2909,1.3012,1.3114,1.3334,1.3457,1.3567,1.3684,1.3887,1.3995,1.4099,1.421,1.4315,1.4422,1.4526,1.4629,1.4748,1.4859,1.4978,1.5082,1.52,1.5414,1.5524,1.5628,1.574,1.5841,1.5959,1.6064,1.6168,1.6275,1.6384,1.6486,1.6589,1.6702,1.6806,1.6909,1.7012,1.7114,1.7222,1.7329,1.7442,1.7544,1.7647,1.775,1.7859,1.797,1.8074,1.8183,1.8386,1.8493,1.8597,1.8705,1.8809,1.8915,1.9021,1.9132,1.9238,1.9341,1.9448,1.9551,1.9755,1.9859,1.996,2.0063,2.0429,2.0537,2.0645,2.0749,2.0857,2.0968,2.1069,2.1178,2.1279,2.139,2.15,2.1601,2.171,2.1812,2.192,2.2026,2.213,2.2231,2.2334,2.2443,2.2544,2.2648,2.2751,2.2853,2.2959,2.3061,2.3165,2.3267,2.3369,2.3472,2.358,2.3689,2.379,2.3899,2.4109,2.4313,2.4416,2.4517,2.462,2.4724,2.4825,2.4928
3,0.018055,0.028728,0.046235,0.064943,0.083123,0.10237,0.11979,0.13947,0.15711,0.17615,0.19381,0.20397,0.22205,0.24124,0.25975,0.27948,0.29722,0.31535,0.32576,0.34378,0.35423,0.37155,0.39036,0.40873,0.4282,0.44604,0.4641,0.48261,0.50173,0.51974,0.53165,0.54201,0.55375,0.56469,0.57589,0.58629,0.5969,0.60737,0.61774,0.62903,0.64088,0.65263,0.66331,0.67379,0.68492,0.69514,0.70603,0.71624,0.72716,0.73888,0.74984,0.76053,0.77088,0.78215,0.7925,0.80428,0.81514,0.82838,0.83852,0.84931,0.86025,0.87051,0.88089,0.89267,0.90487,0.91515,0.92769,0.93777,0.94906,0.95977,0.97062,0.98087,0.99162,1.0034,1.0136,1.0247,1.0348,1.0451,1.0554,1.0661,1.0775,1.088,1.0985,1.1088,1.1191,1.1294,1.1398,1.1506,1.1613,1.1714,1.1828,1.1935,1.2043,1.2152,1.2272,1.2378,1.2581,1.2685,1.2786,1.2889,1.2993,1.3094,1.3198,1.3304,1.3406,1.351,1.3611,1.3714,1.3821,1.3924,1.4027,1.4129,1.4238,1.4339,1.4441,1.4545,1.4649,1.475,1.4853,1.4956,1.5063,1.5166,1.5268,1.5375,1.5483,1.559,1.5697,1.5897,1.6006,1.6108,1.6216,1.6317,1.642,1.6524,1.6625,1.6728,1.6835,1.6944,1.7045,1.7148,1.7251,1.7355,1.7456,1.7559,1.766,1.7763,1.7866,1.797,1.8076,1.8185,1.8293,1.8399,1.8502,1.8604,1.8711,1.8821,1.8932,1.9035,1.9137,1.9239,1.9342,1.9444,1.9546,1.965,1.9751,1.9854,1.9957,2.0061,2.0407,2.0513,2.0623,2.0826,2.0934,2.104,2.1143,2.125,2.1353,2.1463,2.157,2.1682,2.1785,2.1886,2.1995,2.221,2.2315,2.2417,2.2521,2.2625,2.2835,2.3045,2.3152,2.326,2.3361,2.3465,2.3566,2.3675,2.3776,2.3885,2.3986,2.4095,2.4196,2.4305,2.4406,2.4508,2.4613,2.4714,2.4816,2.4924
4,0.020505,0.03772,0.048233,0.0658,0.084595,0.10297,0.12292,0.14031,0.1581,0.17622,0.19445,0.21235,0.22334,0.24084,0.25886,0.27785,0.29684,0.31427,0.33358,0.35176,0.37146,0.38921,0.40829,0.42625,0.44564,0.46375,0.47433,0.49211,0.51156,0.52227,0.54049,0.55114,0.56176,0.57262,0.58444,0.5959,0.60664,0.61705,0.62762,0.63801,0.64825,0.65849,0.67004,0.68162,0.69239,0.70314,0.71336,0.72537,0.73563,0.74744,0.75763,0.76837,0.77928,0.79004,0.80101,0.81114,0.82191,0.83361,0.84479,0.85501,0.86541,0.87666,0.88676,0.89865,0.9094,0.92075,0.93299,0.94467,0.95511,0.96551,0.97592,0.9862,0.99815,1.0092,1.0206,1.031,1.0515,1.0625,1.0732,1.085,1.0967,1.107,1.1174,1.1281,1.139,1.1498,1.1601,1.1714,1.183,1.1946,1.2151,1.2254,1.2358,1.2474,1.2584,1.2688,1.2794,1.2898,1.3001,1.3102,1.3215,1.3338,1.3457,1.356,1.367,1.3777,1.388,1.3983,1.4095,1.4209,1.4326,1.4432,1.4543,1.4649,1.4754,1.4863,1.498,1.5087,1.521,1.5314,1.5421,1.5525,1.5629,1.5731,1.5845,1.5963,1.6065,1.6196,1.6309,1.6414,1.6523,1.6626,1.6729,1.6837,1.6946,1.7048,1.715,1.7254,1.7363,1.7475,1.7584,1.7692,1.7902,1.8005,1.8113,1.8234,1.8342,1.8451,1.8557,1.8667,1.8768,1.887,1.8974,1.9075,1.9177,1.9285,1.9387,1.9491,1.9595,1.9805,1.9905,2.0009,2.0356,2.0457,2.0561,2.0662,2.0765,2.0869,2.097,2.1079,2.118,2.1284,2.1386,2.149,2.1591,2.1694,2.1797,2.1898,2.2008,2.2109,2.2218,2.2319,2.2428,2.2529,2.2631,2.2735,2.2836,2.2939,2.3046,2.3155,2.3256,2.3359,2.3463,2.3564,2.3668,2.3774,2.3876,2.3982,2.4097,2.4205,2.4306,2.4409,2.4512,2.4616,2.482,2.4923
5,0.01951,0.036512,0.054322,0.07193,0.090352,0.10833,0.11903,0.13608,0.15383,0.17279,0.19148,0.20896,0.21952,0.23702,0.25457,0.27363,0.29189,0.30976,0.32958,0.34711,0.36514,0.38346,0.39371,0.41134,0.43121,0.44935,0.46881,0.48659,0.50511,0.52488,0.53508,0.54691,0.55763,0.56837,0.58016,0.59086,0.60157,0.6116,0.62249,0.63326,0.64492,0.65551,0.66639,0.67838,0.68974,0.69998,0.71098,0.72311,0.73351,0.74525,0.75553,0.76676,0.7778,0.78887,0.80928,0.82104,0.83173,0.84349,0.85373,0.86465,0.87516,0.88638,0.89713,0.90748,0.91877,0.93058,0.94275,0.95352,0.9645,0.97528,0.98553,0.99689,1.0076,1.0191,1.0299,1.0416,1.0521,1.0622,1.0728,1.0835,1.0957,1.1061,1.1174,1.1278,1.1379,1.1483,1.1591,1.1705,1.1812,1.1931,1.2038,1.2148,1.2256,1.2361,1.2466,1.2569,1.271,1.2821,1.2938,1.3041,1.3152,1.3267,1.337,1.3475,1.3576,1.3695,1.3798,1.3915,1.4017,1.4121,1.4234,1.4337,1.4455,1.4559,1.4676,1.478,1.4888,1.4998,1.5099,1.5222,1.5326,1.5444,1.5546,1.5657,1.5773,1.5876,1.598,1.6088,1.6202,1.6303,1.642,1.6526,1.6633,1.6744,1.6847,1.6956,1.7059,1.7172,1.7274,1.7377,1.7486,1.7587,1.7702,1.7805,1.7919,1.8022,1.8126,1.8235,1.8336,1.8444,1.8548,1.8661,1.8768,1.8874,1.8978,1.9081,1.9184,1.9285,1.9387,1.9491,1.969,1.9792,1.9896,2,2.0369,2.0476,2.058,2.0688,2.0795,2.0896,2.0998,2.1102,2.1203,2.141,2.1513,2.1626,2.1733,2.1838,2.1942,2.2046,2.225,2.2353,2.2455,2.2557,2.2663,2.2774,2.2875,2.2984,2.3085,2.3194,2.3295,2.3397,2.3501,2.3602,2.3705,2.3809,2.3913,2.412,2.4222,2.4326,2.443,2.4634,2.4737,2.4947
6,0.020638,0.03824,0.056724,0.074297,0.093625,0.11109,0.12194,0.13954,0.15736,0.17499,0.19249,0.21036,0.22099,0.23873,0.25661,0.27521,0.29483,0.31259,0.33247,0.35022,0.36881,0.38754,0.39797,0.41581,0.4341,0.45283,0.47325,0.49105,0.50933,0.51975,0.54104,0.55151,0.56165,0.57239,0.58436,0.59619,0.60649,0.61701,0.62776,0.63789,0.64886,0.65888,0.67037,0.68201,0.69364,0.70414,0.71499,0.72604,0.74799,0.75927,0.77137,0.78173,0.79252,0.80351,0.81411,0.82446,0.83489,0.84669,0.85698,0.86875,0.87922,0.89008,0.90128,0.91211,0.92281,0.93316,0.94514,0.95527,0.96615,0.97713,0.98723,0.99907,1.0093,1.0215,1.0426,1.0531,1.0635,1.0738,1.0845,1.0965,1.1067,1.1174,1.1279,1.1382,1.149,1.1595,1.1707,1.1816,1.1921,1.2125,1.2244,1.2347,1.2464,1.257,1.2689,1.2804,1.2915,1.3025,1.3126,1.3232,1.3341,1.3462,1.3569,1.3684,1.3785,1.3895,1.4008,1.4109,1.4216,1.4325,1.4441,1.4645,1.4758,1.4861,1.4977,1.5083,1.52,1.5301,1.5404,1.5509,1.5613,1.5724,1.5841,1.596,1.6065,1.6169,1.6274,1.6381,1.6485,1.6589,1.6701,1.6806,1.6908,1.701,1.7112,1.7228,1.7329,1.7436,1.754,1.7642,1.7746,1.7846,1.7961,1.8063,1.8175,1.8277,1.838,1.8483,1.8586,1.8696,1.8798,1.8907,1.9008,1.9116,1.9218,1.9327,1.9428,1.953,1.9633,1.9735,1.9838,1.9941,2.0043,2.0414,2.0517,2.0621,2.0825,2.0929,2.1138,2.124,2.1342,2.1446,2.1548,2.1654,2.1855,2.1957,2.2061,2.2162,2.2265,2.2369,2.2472,2.2573,2.2676,2.2786,2.2893,2.2994,2.3103,2.3204,2.331,2.3516,2.362,2.3832,2.3942,2.4146,2.425,2.4351,2.4453,2.4558,2.4658,2.4762,2.4866,2.4966
7,0.020911,0.038483,0.056688,0.07485,0.094157,0.11186,0.12245,0.13974,0.15206,0.17136,0.1817,0.19999,0.21957,0.23722,0.25584,0.27374,0.2925,0.31012,0.32845,0.34747,0.3653,0.38322,0.39331,0.41128,0.4307,0.44819,0.46602,0.48432,0.49472,0.51268,0.52314,0.53328,0.5452,0.55552,0.56676,0.57741,0.58775,0.59865,0.60887,0.62175,0.63201,0.64353,0.65418,0.66443,0.67515,0.68552,0.6974,0.7078,0.71935,0.72969,0.74102,0.75137,0.76177,0.77365,0.78376,0.79603,0.8069,0.8181,0.82977,0.83993,0.85115,0.86181,0.87404,0.88437,0.89627,0.90664,0.9175,0.92918,0.94025,0.95044,0.96127,0.97314,0.98377,0.9954,1.0057,1.0174,1.0281,1.0384,1.0508,1.0619,1.0721,1.0839,1.0955,1.1057,1.1168,1.1275,1.1378,1.1491,1.1602,1.1717,1.182,1.1935,1.2038,1.2139,1.2245,1.2346,1.2465,1.2573,1.2688,1.2794,1.2905,1.3015,1.3124,1.323,1.3342,1.3463,1.3568,1.3679,1.3782,1.3884,1.3987,1.4096,1.4213,1.4326,1.4443,1.4549,1.4653,1.476,1.4862,1.4976,1.5077,1.5192,1.53,1.5413,1.552,1.5629,1.5738,1.585,1.5973,1.6088,1.6213,1.6326,1.6448,1.6578,1.6696,1.6819,1.6938,1.7042,1.7149,1.7251,1.7443,1.7616,1.779,1.7966,1.8141,1.8317,1.8492,1.8677,1.8853,1.9027,1.9207,1.9388,1.9565,1.9742,1.9917,2.0336,2.0519,2.0698,2.0873,2.105,2.1227,2.1401,2.1581,2.1759,2.1933,2.2109,2.2285,2.2461,2.2642,2.2818,2.301,2.3114,2.3217,2.3421,2.3525,2.3735,2.3837,2.3945,2.4046,2.4149,2.4252,2.4353,2.4456,2.456,2.4661,2.4764,2.4871,2.4974
8,0.018353,0.029336,0.047811,0.065431,0.076216,0.093589,0.11229,0.13084,0.14134,0.1601,0.17984,0.19807,0.21548,0.23462,0.25376,0.27152,0.29023,0.30038,0.31861,0.32987,0.34761,0.36509,0.38432,0.40384,0.42244,0.43943,0.45697,0.47609,0.48633,0.50414,0.5221,0.54075,0.5525,0.56277,0.57342,0.58441,0.59474,0.60553,0.61589,0.62678,0.63839,0.6495,0.66986,0.68152,0.70328,0.71415,0.72502,0.73664,0.74742,0.75776,0.76814,0.78002,0.79021,0.80203,0.81236,0.82312,0.83352,0.84376,0.85462,0.86487,0.8764,0.88838,0.89926,0.90975,0.91986,0.93076,0.94152,0.9536,0.96493,0.97653,0.98926,1.0024,1.0136,1.0256,1.037,1.0482,1.0589,1.0701,1.0809,1.0911,1.102,1.1124,1.123,1.1339,1.144,1.1548,1.1651,1.177,1.1882,1.1989,1.209,1.2201,1.2307,1.2417,1.2523,1.2626,1.2733,1.2836,1.2947,1.3055,1.3159,1.3358,1.346,1.3564,1.3665,1.3768,1.3871,1.3973,1.4076,1.4179,1.428,1.4382,1.4486,1.459,1.4794,1.4898,1.5004,1.511,1.522,1.532,1.543,1.553,1.5638,1.574,1.5844,1.595,1.606,1.6166,1.627,1.6371,1.648,1.6678,1.6781,1.6885,1.6986,1.7095,1.7197,1.7305,1.7407,1.7509,1.7613,1.7716,1.7823,1.7936,1.8036,1.8139,1.8242,1.8344,1.8453,1.8554,1.8658,1.8764,1.8873,1.8976,1.9083,1.9184,1.9293,1.9399,1.9502,1.9606,1.9707,1.981,1.9914,2.0015,2.0363,2.0466,2.0573,2.0676,2.0776,2.0886,2.0987,2.1094,2.1203,2.131,2.1416,2.1519,2.1629,2.173,2.1841,2.1952,2.2155,2.2262,2.2372,2.2477,2.2581,2.2785,2.2892,2.2995,2.3096,2.3199,2.3309,2.3415,2.3519,2.362,2.3729,2.3933,2.4036,2.4138,2.4247,2.4347,2.4456,2.4667,2.4768,2.487,2.4977
9,0.019021,0.036496,0.046757,0.06457,0.082761,0.10086,0.11947,0.13723,0.14751,0.16513,0.18331,0.19334,0.21075,0.2213,0.23881,0.257,0.27502,0.29421,0.31151,0.33114,0.34887,0.36671,0.38431,0.40274,0.42145,0.43981,0.45723,0.47564,0.4942,0.51151,0.52205,0.53961,0.55711,0.57491,0.59318,0.61075,0.62135,0.63886,0.65649,0.67471,0.69263,0.71214,0.72313,0.7405,0.75875,0.7765,0.79573,0.81324,0.83236,0.85048,0.86948,0.88685,0.8974,0.91486,0.9331,0.95126,0.97073,0.98823,0.99877,1.0166,1.0336,1.0515,1.0694,1.0795,1.0982,1.1158,1.1343,1.1527,1.1712,1.1894,1.2075,1.2261,1.2448,1.2624,1.2736,1.2924,1.31,1.3302,1.349,1.367,1.385,1.395,1.4129,1.4315,1.4494,1.4671,1.4851,1.5032,1.5227,1.5406,1.5586,1.578,1.5983,1.6174,1.6355,1.6462,1.6646,1.6829,1.7017,1.7205,1.738,1.7561,1.7737,1.7922,1.8095,1.8276,1.8467,1.8651,1.8826,1.9003,1.9179,1.9353,1.9534,1.9711,1.9886,2.0062,2.042,2.0593,2.0771,2.0946,2.1126,2.1302,2.1477,2.1651,2.1825,2.2003,2.2176,2.2354,2.2528,2.2705,2.288,2.306,2.3237,2.3417,2.36,2.3773,2.3952,2.4125,2.4306,2.4482,2.4662,2.484
10,0.018164,0.028671,0.046652,0.065267,0.084293,0.10283,0.12101,0.13963,0.15724,0.17536,0.19326,0.20352,0.22115,0.23955,0.25834,0.27679,0.29466,0.30474,0.32428,0.34176,0.35195,0.36964,0.38926,0.40702,0.42539,0.44278,0.45323,0.47102,0.4815,0.49891,0.51661,0.52706,0.53773,0.54781,0.55818,0.56854,0.58072,0.59115,0.60266,0.61321,0.62342,0.63417,0.65618,0.66628,0.67785,0.68843,0.6998,0.71017,0.72054,0.73156,0.75319,0.76365,0.77394,0.78448,0.79531,0.80703,0.81731,0.82943,0.83953,0.85031,0.86129,0.88217,0.89291,0.90469,0.91536,0.92708,0.93731,0.94816,0.95956,0.96965,0.98116,0.99178,1.0033,1.0138,1.0246,1.0349,1.0453,1.0566,1.0674,1.0785,1.0893,1.1004,1.1111,1.1214,1.1319,1.1423,1.1532,1.1633,1.1737,1.184,1.1942,1.2054,1.2163,1.2269,1.2373,1.2476,1.258,1.2778,1.2886,1.2988,1.3104,1.3209,1.3317,1.3418,1.352,1.3624,1.3728,1.3931,1.4035,1.4147,1.4248,1.4352,1.4455,1.4557,1.466,1.4763,1.4864,1.4967,1.507,1.5172,1.5274,1.5378,1.5479,1.5581,1.5685,1.5789,1.5896,1.5999,1.6107,1.6207,1.631,1.6419,1.6623,1.6729,1.6839,1.6939,1.7043,1.7147,1.7253,1.7357,1.7458,1.7565,1.7667,1.7777,1.7883,1.799,1.8099,1.8205,1.8309,1.841,1.8519,1.862,1.8723,1.8827,1.8928,1.903,1.914,1.924,1.9344,1.9445,1.9548,1.9652,1.9753,1.9862,1.9963,2.0072,2.0432,2.0535,2.0642,2.0745,2.0849,2.0951,2.1059,2.116,2.1263,2.1367,2.1468,2.1577,2.1678,2.178,2.1884,2.1985,2.2088,2.2192,2.2295,2.2499,2.26,2.2802,2.291,2.3122,2.3227,2.333,2.3432,2.3541,2.3647,2.375,2.3851,2.3954,2.4058,2.416,2.4262,2.4369,2.4478,2.4579,2.4688,2.4789,2.4898,2.4999
1,0.010392,0.02925,0.047035,0.057531,0.074835,0.08502,0.10313,0.12122,0.13203,0.14897,0.15915,0.17691,0.18731,0.20591,0.22375,0.23481,0.25271,0.27002,0.28896,0.30787,0.32564,0.33646,0.35438,0.37212,0.38271,0.39962,0.40964,0.42732,0.44586,0.4559,0.47352,0.48452,0.50227,0.51979,0.53776,0.5569,0.57464,0.58548,0.60351,0.62364,0.63591,0.64637,0.65853,0.6687,0.67989,0.69028,0.70055,0.71168,0.73379,0.7443,0.75501,0.76574,0.7763,0.78756,0.79853,0.81093,0.82144,0.83354,0.84398,0.85458,0.86585,0.87627,0.88736,0.8974,0.90901,0.91916,0.93133,0.94259,0.95319,0.96365,0.97474,0.98616,0.99627,1.0082,1.0188,1.0301,1.042,1.0528,1.0637,1.074,1.0862,1.0969,1.1088,1.1201,1.1321,1.1423,1.1529,1.1637,1.1747,1.1861,1.1968,1.2076,1.2177,1.2284,1.2388,1.2492,1.2594,1.2702,1.2815,1.2917,1.3019,1.3123,1.3232,1.3343,1.3447,1.3556,1.3661,1.3772,1.3874,1.3975,1.4079,1.4183,1.429,1.4393,1.4493,1.4596,1.4698,1.48,1.4905,1.5008,1.511,1.5216,1.5323,1.5431,1.5535,1.5641,1.5749,1.5852,1.5961,1.6168,1.6277,1.6384,1.6493,1.6594,1.6697,1.6801,1.7011,1.7221,1.7321,1.7424,1.7528,1.7628,1.7731,1.7836,1.7937,1.8039,1.8143,1.8247,1.845,1.8554,1.8655,1.8764,1.8865,1.8968,1.9072,1.9173,1.9281,1.9392,1.95,1.9604,1.9711,1.9818,1.9924,2.0026,2.0376,2.0482,2.0585,2.0686,2.0789,2.0893,2.0994,2.1096,2.12,2.1307,2.1417,2.1518,2.1627,2.183,2.1935,2.2138,2.2241,2.2344,2.2451,2.2554,2.2655,2.2759,2.286,2.2963,2.3067,2.3168,2.327,2.3374,2.3478,2.3681,2.3785,2.3886,2.3989,2.4093,2.4194,2.4296,2.4405,2.4513,2.4613,2.4716,2.482,2.4921
2,0.0194,0.036935,0.056978,0.074791,0.092706,0.11092,0.12137,0.13909,0.15725,0.17532,0.19358,0.21137,0.22165,0.23924,0.24956,0.26882,0.2864,0.30624,0.32459,0.34353,0.36164,0.37166,0.38978,0.4081,0.42633,0.44573,0.46322,0.48196,0.50014,0.51916,0.52945,0.53951,0.55011,0.56075,0.57251,0.58338,0.59378,0.60446,0.61518,0.62559,0.63591,0.64721,0.6584,0.66982,0.68047,0.69144,0.70203,0.71278,0.72467,0.73526,0.74814,0.75837,0.77039,0.78076,0.7909,0.8013,0.81153,0.82353,0.83363,0.84554,0.85591,0.8672,0.8779,0.88878,0.8998,0.91105,0.92262,0.93366,0.94489,0.95528,0.97635,0.98722,0.99956,1.0097,1.0215,1.0319,1.0423,1.0528,1.0636,1.074,1.0844,1.0964,1.1069,1.1181,1.1388,1.1499,1.16,1.1717,1.1821,1.1938,1.204,1.2147,1.2252,1.2477,1.2692,1.2794,1.2895,1.3001,1.3113,1.3252,1.3364,1.3493,1.3606,1.373,1.3847,1.3981,1.4099,1.4221,1.4334,1.4456,1.4565,1.468,1.479,1.4897,1.5,1.5177,1.5353,1.5544,1.5736,1.5917,1.6099,1.6204,1.6384,1.6562,1.6739,1.6917,1.7094,1.7277,1.7462,1.7642,1.7818,1.8001,1.8182,1.8367,1.854,1.8712,1.8886,1.9064,1.9239,1.9415,1.959,1.9766,1.9944,2.0384,2.0493,2.0599,2.0703,2.0804,2.0913,2.1014,2.1117,2.1224,2.1327,2.1434,2.1543,2.1644,2.1753,2.1854,2.1957,2.2061,2.2164,2.2271,2.2372,2.2476,2.2584,2.2689,2.2799,2.2905,2.3013,2.3119,2.3226,2.333,2.3436,2.3545,2.3646,2.3749,2.3858,2.3969,2.4073,2.4175,2.4277,2.4385,2.4489,2.4595,2.4702,2.4812,2.4922
3,0.011362,0.029003,0.046825,0.064634,0.083176,0.10072,0.12042,0.13816,0.15652,0.17449,0.18475,0.2021,0.22137,0.23887,0.25773,0.27625,0.28636,0.30421,0.32241,0.34049,0.35912,0.36952,0.3876,0.40531,0.42284,0.43288,0.45074,0.47047,0.48872,0.50914,0.51947,0.53103,0.54153,0.55241,0.56429,0.57463,0.58628,0.59703,0.60818,0.62003,0.6309,0.64185,0.65306,0.66489,0.67565,0.68751,0.70927,0.72018,0.731,0.7415,0.75159,0.76379,0.78555,0.79596,0.80707,0.8176,0.82841,0.83915,0.8495,0.86065,0.87204,0.88401,0.89412,0.90515,0.91626,0.92662,0.93827,0.94872,0.95991,0.97113,0.98188,0.99292,1.0032,1.0147,1.0355,1.0461,1.0569,1.0678,1.0786,1.0895,1.1104,1.1208,1.1312,1.1417,1.1527,1.1632,1.1741,1.1854,1.1957,1.207,1.2172,1.228,1.2389,1.2495,1.2602,1.2711,1.2915,1.3019,1.3126,1.323,1.333,1.344,1.365,1.375,1.3859,1.396,1.4069,1.4173,1.4273,1.4376,1.4478,1.4586,1.4691,1.4796,1.4898,1.5006,1.5107,1.5211,1.5314,1.5428,1.5533,1.5636,1.5743,1.585,1.5953,1.6056,1.6158,1.626,1.6365,1.6477,1.6584,1.6686,1.679,1.6896,1.7001,1.7107,1.721,1.7414,1.7518,1.7619,1.7729,1.7829,1.7931,1.8039,1.8148,1.8358,1.8459,1.8568,1.8669,1.8771,1.8879,1.8981,1.9086,1.9187,1.9289,1.9392,1.9494,1.9596,1.9707,1.9813,1.9917,2.0023,2.0384,2.0486,2.059,2.0691,2.08,2.101,2.1111,2.1218,2.1322,2.1431,2.1543,2.1753,2.1854,2.1956,2.206,2.2166,2.227,2.2371,2.2474,2.2578,2.268,2.2781,2.2885,2.2989,2.3089,2.3192,2.3294,2.3495,2.3604,2.3711,2.3821,2.3928,2.4033,2.414,2.4242,2.4346,2.4447,2.455,2.4658,2.4769,2.4879,2.4992
4,0.018788,0.036512,0.056698,0.074505,0.092015,0.11088,0.12108,0.13825,0.15751,0.17472,0.19264,0.21115,0.22147,0.23921,0.24971,0.26711,0.28486,0.30452,0.32398,0.34175,0.36033,0.37061,0.388,0.40809,0.42559,0.44362,0.46236,0.47267,0.4905,0.50912,0.52724,0.54551,0.56353,0.57372,0.59157,0.61009,0.62823,0.64647,0.65659,0.67472,0.69276,0.71151,0.7216,0.73938,0.75087,0.76124,0.77295,0.78364,0.79482,0.80675,0.81702,0.82819,0.83877,0.85079,0.86138,0.87327,0.88367,0.89405,0.90614,0.91766,0.92833,0.93849,0.95041,0.96075,0.9725,0.98274,0.9939,1.005,1.0154,1.0271,1.0374,1.0487,1.0596,1.0708,1.0811,1.0922,1.1031,1.1251,1.1351,1.1465,1.1583,1.1701,1.1809,1.1913,1.2022,1.2125,1.2241,1.2347,1.2457,1.2567,1.2668,1.2772,1.2877,1.2985,1.3101,1.322,1.3328,1.3432,1.3538,1.3648,1.3761,1.3863,1.3979,1.4088,1.4205,1.431,1.4411,1.4526,1.4627,1.4746,1.4853,1.4968,1.5075,1.5186,1.5293,1.5394,1.5503,1.5613,1.5729,1.5837,1.5943,1.6049,1.615,1.6254,1.6358,1.647,1.6584,1.6689,1.6794,1.6902,1.7005,1.7118,1.7229,1.7336,1.7444,1.7548,1.7649,1.7758,1.7867,1.7984,1.8085,1.8199,1.83,1.8415,1.8518,1.8618,1.8723,1.8824,1.8926,1.903,1.9135,1.9244,1.9347,1.945,1.9554,1.9655,1.9757,1.9861,1.9962,2.0065,2.0402,2.0507,2.0612,2.0722,2.0925,2.1029,2.113,2.1239,2.134,2.1449,2.1653,2.1759,2.1869,2.1975,2.2081,2.2192,2.2298,2.2401,2.2503,2.2605,2.2709,2.281,2.2913,2.3016,2.3117,2.322,2.3328,2.3437,2.3537,2.3641,2.3745,2.3848,2.4051,2.4163,2.4268,2.4369,2.4471,2.4575,2.4779,2.4886,2.4996
